Workbook

Sheet INFO
A1: Sectors | D1: Regions | G1: Variables
A2: AGR01 | B2: Agriculture | D2: AUT | E2: Austria | G2: GDP | H2: Macroeconomic Aggregates - GDP in b$ 2017
A3: ENE01 | B3: Coal | D3: BEL | E3: Belgium | G3: GCVTOT | H3: Macro Results - Government Consumption - b$ 2017
A4: ENE02 | B4: Crude Oil | D4: BGR | E4: Bulgaria | G4: INVVCO | H4: Macro Results - Investment - b$ 2017
A5: ENE03 | B5: Oil | D5: HRV | E5: Croatia | G5: RHCDTOTV | H5: Macro Results - Household Consumption - b$ 2017
A6: ENE04 | B6: Gas | D6: CYP | E6: Cyprus | G6: POP | H6: Macro Results - Population - in million of persons
A7: ENE05 | B7: Power Supply | D7: CZE | E7: Czechia
A8: IND01 | B8: Non-metallic minerals mining | D8: DNK | E8: Denmark | G8: PROD | H8: Sectoral Results - Production - b$ 2017
A9: IND02 | B9: Mining of iron ores | D9: EST | E9: Estonia | G9: EXPORTS | H9: Sectoral Results - Exports - b$ 2017
A10: IND03 | B10: Mining of bauxite ores | D10: FIN | E10: Finland | G10: IMPORTS | H10: Sectoral Results - Imports - b$ 2017 (incl. transport margins and duties)
A11: IND04 | B11: Mining of copper ores | D11: FRA | E11: France | G11: DEMAND | H11: Sectoral Results - Demand - b$ 2017
A12: IND05 | B12: Mining of other ores | D12: DEU | E12: Germany
A13: IND06 | B13: Potassium fertilizer | D13: GRC | E13: Greece
A14: IND07 | B14: Nitrogen fertilizer | D14: HUN | E14: Hungary
A15: IND08 | B15: Phosphorus fertilizer | D15: IRL | E15: Ireland
A16: IND09 | B16: Other chemicals | D16: ITA | E16: Italy
A17: IND10 | B17: Basic pharmaceutical products | D17: LVA | E17: Latvia
A18: IND11 | B18: Rubber products | D18: LTU | E18: Lithuania
A19: IND12 | B19: Plastic products-primary | D19: LUX | E19: Luxembourg
A20: IND13 | B20: Plastic products-secondary | D20: MLT | E20: Malta
A21: IND14 | B21: Recycling-plastics | D21: NLD | E21: Netherlands
A22: IND15 | B22: Cement | D22: POL | E22: Poland
A23: IND16 | B23: Other mineral products | D23: PRT | E23: Portugal
... A29: IND22 | B29: Aluminum-secondary | D29: ROW | E29: Rest of the World
A30: IND23 | B30: Recycling-aluminum
A31: IND24 | B31: Copper-primary
A32: IND25 | B32: Copper-secondary
A33: IND26 | B33: Recycling-copper
A34: IND27 | B34: Other metals-primary
A35: IND28 | B35: Other metals-secondary
A36: IND29 | B36: Recycling-other metals
A37: IND30 | B37: Non-ferrous metals casting
A38: IND31 | B38: Metal products
A39: IND32 | B39: Paper products, publishing
A40: IND33 | B40: Equipment Goods
A41: IND34 | B41: Consumer Goods Industries
... A46: SRV02 | B46: Non-Market Services

Sheet MACRO_BASE
D2: 2017 | E2: 2020 | F2: 2025 | G2: 2030 | H2: 2035 | I2: 2040 | J2: 2045 | K2: 2050
B3: GDP | C3: AUT | D3: 417.26098 | E3: 442.97251 | F3: 467.51373 | G3: 514.17976 | H3: 549.07275 | I3: 583.97345 | J3: 619.20172 | K3: 653.14256
B4: GDP | C4: BEL | D4: 502.76157 | E4: 556.64599 | F4: 580.98964 | G4: 627.95748 | H4: 669.13728 | I4: 707.58632 | J4: 744.43285 | K4: 781.70292
B5: GDP | C5: BGR | D5: 59.198664 | E5: 63.359287 | F5: 74.739607 | G5: 86.000885 | H5: 96.263453 | I5: 105.3435 | J5: 113.7408 | K5: 121.9986
B6: GDP | C6: HRV | D6: 56.2129 | E6: 58.233848 | F6: 74.856953 | G6: 85.024125 | H6: 92.062215 | I6: 96.607084 | J6: 99.597809 | K6: 101.65242
B7: GDP | C7: CYP | D7: 22.870805 | E7: 23.497388 | F7: 30.976297 | G7: 35.706277 | H7: 40.475549 | I7: 45.132086 | J7: 49.771921 | K7: 54.454125
B8: GDP | C8: CZE | D8: 218.62702 | E8: 234.16188 | F8: 251.42007 | G8: 273.22019 | H8: 293.9978 | I8: 314.63607 | J8: 334.84415 | K8: 354.73245
B9: GDP | C9: DNK | D9: 332.11886 | E9: 348.32493 | F9: 395.02289 | G9: 422.26203 | H9: 449.11787 | I9: 476.83528 | J9: 507.04848 | K9: 538.95148
B10: GDP | C10: EST | D10: 26.923978 | E10: 29.562598 | F10: 31.579197 | G10: 37.305323 | H10: 41.024955 | I10: 43.75839 | J10: 45.632144 | K10: 47.083976
B11: GDP | C11: FIN | D11: 256.96811 | E11: 268.79947 | F11: 286.37282 | G11: 307.90757 | H11: 326.05492 | I11: 344.73241 | J11: 363.86295 | K11: 383.70497
B12: GDP | C12: FRA | D12: 2640.2479 | E12: 2749.9288 | F12: 2944.768 | G12: 3186.2102 | H12: 3398.5315 | I12: 3614.733 | J12: 3835.3285 | K12: 4064.7278
B13: GDP | C13: DEU | D13: 3690.8157 | E13: 3870.7816 | F13: 4015.3022 | G13: 4226.205 | H13: 4449.7564 | I13: 4712.3095 | J13: 4991.6061 | K13: 5261.5412
B14: GDP | C14: GRC | D14: 199.8516 | E14: 198.93647 | F14: 237.70066 | G14: 263.45536 | H14: 283.87957 | I14: 306.84822 | J14: 329.78166 | K14: 352.2186
... B142: POP | C142: ROW | D142: 7066.0704 | E142: 7315.8962 | F142: 7659.6725 | G142: 8005.0339 | H142: 8325.6818 | I142: 8619.4883 | J142: 8880.1327 | K142: 9102.8315

Sheet SECTOR_BASE
E2: 2017 | F2: 2020 | G2: 2025 | H2: 2030 | I2: 2035 | J2: 2040 | K2: 2045 | L2: 2050
B3: PROD | C3: AGR01 | D3: AUT | E3: 11.943814 | F3: 12.655291 | G3: 13.914252 | H3: 15.039233 | I3: 16.111904 | J3: 17.215889 | K3: 18.307884 | L3: 19.396029
B4: PROD | C4: AGR01 | D4: BEL | E4: 11.867644 | F4: 13.384678 | G4: 15.131091 | H4: 17.046079 | I4: 18.700752 | J4: 20.290672 | K4: 21.851333 | L4: 23.424009
B5: PROD | C5: AGR01 | D5: BGR | E5: 5.6849417 | F5: 5.9629062 | G5: 6.7647351 | H5: 7.4891593 | I5: 8.2919125 | J5: 9.0948395 | K5: 9.8523426 | L5: 10.543797
B6: PROD | C6: AGR01 | D6: HRV | E6: 3.524676 | F6: 3.466756 | G6: 4.1666172 | H6: 4.519888 | I6: 4.7831788 | J6: 4.957534 | K6: 5.0674202 | L6: 5.135374
B7: PROD | C7: AGR01 | D7: CYP | E7: 0.95627791 | F7: 0.95130489 | G7: 1.1591414 | H7: 1.285081 | I7: 1.4180683 | J7: 1.5564956 | K7: 1.6995304 | L7: 1.8473271
B8: PROD | C8: AGR01 | D8: CZE | E8: 8.7010166 | F8: 9.2380483 | G8: 10.64278 | H8: 11.790691 | I8: 12.899226 | J8: 13.971537 | K8: 15.035353 | L8: 16.105139
B9: PROD | C9: AGR01 | D9: DNK | E9: 12.63339 | F9: 13.004103 | G9: 15.210733 | H9: 16.600612 | I9: 17.906173 | J9: 19.239121 | K9: 20.657275 | L9: 22.184695
B10: PROD | C10: AGR01 | D10: EST | E10: 1.6875297 | F10: 1.9249808 | G10: 2.2440892 | H10: 2.6107999 | I10: 2.940827 | J10: 3.2295978 | K10: 3.4741747 | L10: 3.6848018
B11: PROD | C11: AGR01 | D11: FIN | E11: 10.941716 | F11: 11.543592 | G11: 12.646665 | H11: 13.628143 | I11: 14.583177 | J11: 15.505125 | K11: 16.422001 | L11: 17.362625
B12: PROD | C12: AGR01 | D12: FRA | E12: 76.553209 | F12: 79.219189 | G12: 87.00756 | H12: 93.59726 | I12: 100.15911 | J12: 106.7845 | K12: 113.5321 | L12: 120.47618
B13: PROD | C13: AGR01 | D13: DEU | E13: 64.794826 | F13: 67.351723 | G13: 72.033566 | H13: 76.125996 | I13: 79.779941 | J13: 83.474381 | K13: 87.292951 | L13: 91.163343
B14: PROD | C14: AGR01 | D14: GRC | E14: 22.220988 | F14: 20.825087 | G14: 22.796151 | H14: 23.855344 | I14: 24.787394 | J14: 25.82106 | K14: 26.883414 | L14: 27.950384
... B199: PROD | C199: IND02 | D199: AUT | E199: 0.26673722 | F199: 0.2915694 | G199: 0.2984821 | H199: 0.3129707 | I199: 0.32612888 | J199: 0.34794884 | K199: 0.36914847 | L199: 0.38905911
B200: PROD | C200: IND02 | D200: BEL | E200: 6.8625745e-15
B201: PROD | C201: IND02 | D201: BGR | E201: 0.0001203172 | F201: 0.00012960543 | G201: 0.00015320685 | H201: 0.00017562084 | I201: 0.00019702413 | J201: 0.00021670277 | K201: 0.00023487335 | L201: 0.00025238183
B202: PROD | C202: IND02 | D202: HRV | E202: 4.3792288e-15
B203: PROD | C203: IND02 | D203: CYP | E203: 0.00062859867 | F203: 0.00063707856 | G203: 0.00071366939 | H203: 0.00074744543 | I203: 0.00078837108 | J203: 0.000835499 | K203: 0.00088347833 | L203: 0.00093198972
B204: PROD | C204: IND02 | D204: CZE | E204: 3.1416623e-15
B205: PROD | C205: IND02 | D205: DNK | E205: 1.1464409e-14 | F205: 1.2008501e-14 | G205: 1.3135175e-14 | H205: 1.3108586e-14 | I205: 1.3181082e-14 | J205: 1.3193197e-14 | K205: 1.3394283e-14 | L205: 1.3573011e-14
B206: PROD | C206: IND02 | D206: EST | E206: 0.0011027514 | F206: 0.0011099329 | G206: 0.0010842532 | H206: 0.00094490098 | I206: 0.00085892587 | J206: 0.00079848787 | K206: 0.00075035827 | L206: 0.00070577219
B207: PROD | C207: IND02 | D207: FIN | E207: 4.1400382e-15
B208: PROD | C208: IND02 | D208: FRA | E208: 3.5522718e-15
B209: PROD | C209: IND02 | D209: DEU | E209: 6.0971607e-15
B210: PROD | C210: IND02 | D210: GRC | E210: 0.12277949 | F210: 0.12615719 | G210: 0.16522109 | H210: 0.18998749 | I210: 0.21125075 | J210: 0.23550903 | K210: 0.2596718 | L210: 0.28326327
B211: PROD | C211: IND02 | D211: HUN | E211: 2.7997785e-15
B212: PROD | C212: IND02 | D212: IRL | E212: 0.00032003812 | F212: 0.0003426925 | G212: 0.00038892153 | H212: 0.00039071169 | I212: 0.0004027438 | J212: 0.00042322497 | K212: 0.00045103556 | L212: 0.00047956326
B213: PROD | C213: IND02 | D213: ITA | E213: 5.6936341e-15
B214: PROD | C214: IND02 | D214: LVA | E214: 0.0011365303 | F214: 0.0013274124 | G214: 0.0014184472 | H214: 0.0015348156 | I214: 0.0016311605 | J214: 0.0017048266 | K214: 0.0017458472 | L214: 0.0017717786
B215: PROD | C215: IND02 | D215: LTU | E215: 0.0017745435 | F215: 0.0020788956 | G215: 0.0023303734 | H215: 0.0025910472 | I215: 0.0028227033 | J215: 0.00299504 | K215: 0.0030940463 | L215: 0.0031172816
B216: PROD | C216: IND02 | D216: LUX | E216: 0.00057439647 | F216: 0.00071775907 | G216: 0.00071090967 | H216: 0.00079414739 | I216: 0.0008507753 | J216: 0.00089147287 | K216: 0.00091571601 | L216: 0.00093120275
B217: PROD | C217: IND02 | D217: MLT | E217: 0.00058422113 | F217: 0.00070217922 | G217: 0.00089944952 | H217: 0.0010674309 | I217: 0.0012372779 | J217: 0.001398664 | K217: 0.0015407442 | L217: 0.0016642229
B218: PROD | C218: IND02 | D218: NLD | E218: 9.1154626e-15 | F218: 9.6009688e-15 | G218: 9.8541597e-15 | H218: 1.9949681e-14 | I218: 2.1197852e-14 | J218: 2.2244251e-14 | K218: 2.3251927e-14 | L218: 2.4158148e-14
B219: PROD | C219: IND02 | D219: POL | E219: 3.7645875e-15
B220: PROD | C220: IND02 | D220: PRT | E220: 3.9596e-15
B221: PROD | C221: IND02 | D221: ROU | E221: 1.7588236e-14 | F221: 2.0921665e-14 | G221: 2.5192979e-14 | H221: 2.7892899e-14 | I221: 3.0101857e-14 | J221: 3.1639698e-14 | K221: 3.2460116e-14 | L221: 3.2771422e-14
B222: PROD | C222: IND02 | D222: SVK | E222: 9.4635051e-14 | F222: 1.0476441e-13 | G222: 1.1467353e-13 | H222: 1.2548774e-13 | I222: 1.3630961e-13 | J222: 1.469393e-13 | K222: 1.5592661e-13 | L222: 1.6393925e-13
B223: PROD | C223: IND02 | D223: SVN | E223: 5.4730781e-14 | F223: 7.1175259e-14 | H223: 9.1541445e-14 | I223: 9.8248557e-14 | J223: 8.4821245e-14 | K223: 8.8260465e-14 | L223: 9.1727369e-14
B224: PROD | C224: IND02 | D224: ESP | E224: 1.7419146e-15
B225: PROD | C225: IND02 | D225: SWE | E225: 2.9639869 | F225: 3.2625579 | G225: 3.4971057 | H225: 3.8057695 | I225: 4.1372419 | J225: 4.4866277 | K225: 4.8405389 | L225: 5.1945888
B226: PROD | C226: IND02 | D226: ROW | E226: 209.96145 | F226: 235.24435 | G226: 270.43862 | H226: 310.40885 | I226: 353.39466 | J226: 398.34553 | K226: 444.40149 | L226: 491.25667
B227: PROD | C227: IND03 | D227: AUT | E227: 0.00027286508 | F227: 0.00029723002 | G227: 0.0002904062 | H227: 0.00030034171 | I227: 0.00030757329 | J227: 0.0003249681 | K227: 0.00034204121 | L227: 0.00035812729
B228: PROD | C228: IND03 | D228: BEL | E228: 4.2943325e-15
B229: PROD | C229: IND03 | D229: BGR | E229: 0.00017658819 | F229: 0.0001922339 | G229: 0.00023062222 | H229: 0.00026776179 | I229: 0.00030371432 | J229: 0.00033750688 | K229: 0.00036915908 | L229: 0.0003999741
B230: PROD | C230: IND03 | D230: HRV | E230: 2.9541712e-15
B231: PROD | C231: IND03 | D231: CYP | E231: 0.00070397963 | F231: 0.0007650612 | G231: 0.00086312003 | H231: 0.0009621048 | I231: 0.0010669559 | J231: 0.0011757794 | K231: 0.0012879378 | L231: 0.0014031299
B232: PROD | C232: IND03 | D232: CZE | E232: 1.4215826e-15
B233: PROD | C233: IND03 | D233: DNK | E233: 0.00027994637 | F233: 0.00029872856 | G233: 0.00033169738 | H233: 0.00035789444 | I233: 0.00038349715 | J233: 0.00040853282 | K233: 0.00043387054 | L233: 0.00045998752
B234: PROD | C234: IND03 | D234: EST | E234: 0.00075071242 | F234: 0.00080937134 | G234: 0.00085439855 | H234: 0.00088189036 | I234: 0.00091776964 | J234: 0.00095181492 | K234: 0.00098096338 | L234: 0.001002373
B235: PROD | C235: IND03 | D235: FIN | E235: 1.5974044e-15
B236: PROD | C236: IND03 | D236: FRA | E236: 1.5581064e-15
B237: PROD | C237: IND03 | D237: DEU | E237: 4.1135588e-15
B238: PROD | C238: IND03 | D238: GRC | E238: 0.075362529 | F238: 0.076004462 | G238: 0.10046892 | H238: 0.11308135 | I238: 0.12247587 | J238: 0.13412046 | K238: 0.14496872 | L238: 0.15469253
B239: PROD | C239: IND03 | D239: HUN | E239: 0.0023772363 | F239: 0.0025250233 | G239: 0.0027877247 | H239: 0.0029866508 | I239: 0.00318015 | J239: 0.0033560627 | K239: 0.0034968226 | L239: 0.0036094641
B240: PROD | C240: IND03 | D240: IRL | E240: 2.4889804e-15
B241: PROD | C241: IND03 | D241: ITA | E241: 2.1169925e-15
B242: PROD | C242: IND03 | D242: LVA | E242: 0.00078056876 | F242: 0.00088456823 | G242: 0.00093965172 | H242: 0.001018302 | I242: 0.0010823809 | J242: 0.0011323153 | K242: 0.0011660074 | L242: 0.0011952714
B243: PROD | C243: IND03 | D243: LTU | E243: 2.1692009e-13 | F243: 2.4486114e-13 | G243: 2.6992814e-13 | H243: 2.1709908e-13 | I243: 3.2887157e-13 | J243: 3.4405091e-13 | K243: 3.549033e-13 | L243: 3.6164598e-13
B244: PROD | C244: IND03 | D244: LUX | E244: 0.00051470296 | F244: 0.00064256023 | G244: 0.00063878085 | H244: 0.00071439357 | I244: 0.00076650352 | J244: 0.00080432397 | K244: 0.00082748724 | L244: 0.00084273986
B245: PROD | C245: IND03 | D245: MLT | E245: 0.00030608028 | F245: 0.00036023629 | G245: 0.00044577437 | H245: 0.000533536 | I245: 0.00062139731 | J245: 0.00070192366 | K245: 0.00077674483 | L245: 0.00084767599
B246: PROD | C246: IND03 | D246: NLD | E246: 8.5935618e-15 | F246: 9.273075e-15 | G246: 8.9397262e-15 | H246: 8.7972099e-15 | I246: 8.8158874e-15 | J246: 8.8557387e-15 | K246: 8.8821727e-15 | L246: 8.8634888e-15
B247: PROD | C247: IND03 | D247: POL | E247: 1.7502807e-15
B248: PROD | C248: IND03 | D248: PRT | E248: 0.00025730789 | F248: 0.00026847305 | G248: 0.00031256255 | H248: 0.00034658675 | I248: 0.00038044788 | J248: 0.00041592008 | K248: 0.00045056255 | L248: 0.00048474458
B249: PROD | C249: IND03 | D249: ROU | E249: 1.279785e-14 | F249: 1.592681e-14 | G249: 1.8017553e-14 | H249: 2.0362568e-14 | I249: 2.2983219e-14 | J249: 2.5576513e-14 | K249: 2.7770449e-14 | L249: 2.9336247e-14
B250: PROD | C250: IND03 | D250: SVK | E250: 2.0153018e-14 | F250: 4.196979e-14 | G250: 4.2410836e-14 | H250: 4.4112144e-14 | I250: 4.5886538e-14 | J250: 4.7759473e-14 | K250: 4.9056633e-14 | L250: 5.0087319e-14
B251: PROD | C251: IND03 | D251: SVN | E251: 3.5250875e-14
B252: PROD | C252: IND03 | D252: ESP | E252: 1.0789571e-15
B253: PROD | C253: IND03 | D253: SWE | E253: 0.0007524313 | F253: 0.00079846914 | G253: 0.00077847267 | H253: 0.0008141621 | I253: 0.00082852592 | J253: 0.0008384585 | K253: 0.00084453614 | L253: 0.00084948666
B254: PROD | C254: IND03 | D254: ROW | E254: 15.768076 | F254: 17.54862 | G254: 20.243227 | H254: 23.144877 | I254: 26.27134 | J254: 29.553197 | K254: 32.918269 | L254: 36.341051
B255: PROD | C255: IND04 | D255: AUT | E255: 0.00013654938 | F255: 0.00014853635 | G255: 0.00014777472 | H255: 0.00015463626 | I255: 0.00016022577 | J255: 0.00017025195 | K255: 0.00018013074 | L255: 0.00018954911
B256: PROD | C256: IND04 | D256: BEL | E256: 3.2013842e-15
B257: PROD | C257: IND04 | D257: BGR | E257: 0.79664878 | F257: 0.88337146 | G257: 1.0245633 | H257: 1.17008 | I257: 1.3296368 | J257: 1.4932964 | K257: 1.654736 | L257: 1.8126163
B258: PROD | C258: IND04 | D258: HRV | E258: 0.00024690481 | F258: 0.00025522031 | G258: 0.00029328391 | H258: 0.00031733592 | I258: 0.00033481803 | J258: 0.00034639069 | K258: 0.00035401637 | L258: 0.00035940484
B259: PROD | C259: IND04 | D259: CYP | E259: 0.0051359886 | F259: 0.0054115556 | G259: 0.0058954085 | H259: 0.0063168841 | I259: 0.0068101398 | J259: 0.0073524829 | K259: 0.0079153162 | L259: 0.0084903189
B260: PROD | C260: IND04 | D260: CZE | E260: 0.00046604086 | F260: 0.00050292549 | G260: 0.00051908032 | H260: 0.00054583559 | I260: 0.00057203872 | J260: 0.00059884116 | K260: 0.00062401274 | L260: 0.00064755813
B261: PROD | C261: IND04 | D261: DNK | E261: 0.00058036632 | F261: 0.00061994843 | G261: 0.00070287044 | H261: 0.00076380577 | I261: 0.00082606521 | J261: 0.00088983294 | K261: 0.00095704016 | L261: 0.0010273924
B262: PROD | C262: IND04 | D262: EST | E262: 0.00080142037 | F262: 0.00086418377 | G262: 0.00091216773 | H262: 0.00094311583 | I262: 0.00098219509 | J262: 0.001019092 | K262: 0.0010506109 | L262: 0.0010738814
B263: PROD | C263: IND04 | D263: FIN | E263: 0.31387416 | F263: 0.33698079 | G263: 0.34392691 | H263: 0.36294216 | I263: 0.38111533 | J263: 0.40141526 | K263: 0.42191987 | L263: 0.44218589
B264: PROD | C264: IND04 | D264: FRA | E264: 1.7564805e-15
B265: PROD | C265: IND04 | D265: DEU | E265: 5.903424e-15
B266: PROD | C266: IND04 | D266: GRC | E266: 0.00016410215 | F266: 0.00017045522 | G266: 0.00020942061 | H266: 0.00023710341 | I266: 0.0002622867 | J266: 0.00028994308 | K266: 0.00031773823 | L266: 0.00034528065
B267: PROD | C267: IND04 | D267: HUN | E267: 0.00022098084 | F267: 0.00022989505 | G267: 0.0002576881 | H267: 0.00027585382 | I267: 0.00029029506 | J267: 0.00030083965 | K267: 0.00030755424 | L267: 0.00031198668
B268: PROD | C268: IND04 | D268: IRL | E268: 1.252759e-15
B269: PROD | C269: IND04 | D269: ITA | E269: 0.00032359614 | F269: 0.00033471455 | G269: 0.00035493597 | H269: 0.00036744641 | I269: 0.00038421853 | J269: 0.0004019136 | K269: 0.00041948175 | L269: 0.00043613582
B270: PROD | C270: IND04 | D270: LVA | E270: 0.00074149058 | F270: 0.00083951152 | G270: 0.00089265885 | H270: 0.00096802824 | I270: 0.0010296318 | J270: 0.0010781913 | K270: 0.0011117729 | L270: 0.0011414674
B271: PROD | C271: IND04 | D271: LTU | E271: 0.00063520107 | F271: 0.00073479932 | G271: 0.00080375685 | H271: 0.00092315538 | I271: 0.00098564658 | J271: 0.0010245529 | K271: 0.001047889 | L271: 0.0010552303
B272: PROD | C272: IND04 | D272: LUX | E272: 0.00051733991 | F272: 0.00064302106 | G272: 0.00064443527 | H272: 0.00072158819 | I272: 0.00077581266 | J272: 0.00081564803 | K272: 0.00084082007 | L272: 0.00085780163
B273: PROD | C273: IND04 | D273: MLT | E273: 0.00027800984 | F273: 0.00032680884 | G273: 0.00040588609 | H273: 0.00048415987 | I273: 0.00056142627 | J273: 0.00063046312 | K273: 0.00069219109 | L273: 0.00074826169
B274: PROD | C274: IND04 | D274: NLD | E274: 6.3517992e-15 | I274: 8.7565845e-15 | J274: 8.9828436e-15 | K274: 9.4515637e-15 | L274: 1.0207964e-14
B275: PROD | C275: IND04 | D275: POL | E275: 1.3194576 | F275: 1.4419377 | G275: 1.6642756 | H275: 1.851248 | I275: 1.9841634 | J275: 2.0822841 | K275: 2.1497084 | L275: 2.1911069
B276: PROD | C276: IND04 | D276: PRT | E276: 0.27984417 | F276: 0.29734033 | G276: 0.32470414 | H276: 0.35206453 | I276: 0.37757585 | J276: 0.40620167 | K276: 0.4346514 | L276: 0.46318523
B277: PROD | C277: IND04 | D277: ROU | E277: 0.042532855 | F277: 0.0464804 | G277: 0.055247216 | H277: 0.062318063 | I277: 0.068564068 | J277: 0.073681284 | K277: 0.077747857 | L277: 0.081141572
B278: PROD | C278: IND04 | D278: SVK | E278: 0.0012920898 | F278: 0.0014115261 | G278: 0.0015588202 | H278: 0.0017048834 | I278: 0.0018546114 | J278: 0.0020031984 | K278: 0.0021325609 | L278: 0.0022496616
B279: PROD | C279: IND04 | D279: SVN | E279: 0.0035382606 | F279: 0.0037557136 | G279: 0.0043902727 | H279: 0.0048897822 | I279: 0.0053075801 | J279: 0.0056673023 | K279: 0.0059641235 | L279: 0.0062571674
B280: PROD | C280: IND04 | D280: ESP | E280: 2.4486547 | F280: 2.6427834 | G280: 3.0199941 | H280: 3.3001216 | I280: 3.6076028 | J280: 3.9528492 | K280: 4.2926589 | L280: 4.632315
B281: PROD | C281: IND04 | D281: SWE | E281: 0.39575164 | F281: 0.42453471 | G281: 0.43251324 | H281: 0.46714381 | I281: 0.49348401 | J281: 0.51657056 | K281: 0.53754723 | L281: 0.55731583
B282: PROD | C282: IND04 | D282: ROW | E282: 82.704735 | F282: 91.851517 | G282: 106.35562 | H282: 121.65597 | I282: 138.2692 | J282: 155.80269 | K282: 173.76115 | L282: 192.00223
B283: PROD | C283: IND05 | D283: AUT | E283: 0.11683046 | F283: 0.12853959 | G283: 0.12242843 | H283: 0.1306409 | I283: 0.13490085 | J283: 0.14430431 | K283: 0.15392493 | L283: 0.16291212
B284: PROD | C284: IND05 | D284: BEL | E284: 0.96672144 | F284: 1.1262625 | G284: 1.0522282 | H284: 1.0861825 | I284: 1.117423 | J284: 1.1593939 | K284: 1.204173 | L284: 1.2541583
B285: PROD | C285: IND05 | D285: BGR | E285: 0.28345397 | F285: 0.31448708 | G285: 0.39123729 | H285: 0.46195318 | I285: 0.53217666 | J285: 0.5979979 | K285: 0.65924172 | L285: 0.71898768
...

Sheet MACRO_CHM_REC
D2: 2017 | E2: 2020 | F2: 2025 | G2: 2030 | H2: 2035 | I2: 2040 | J2: 2045 | K2: 2050
B3: GDP | C3: AUT | D3: 417.26098 | E3: 442.97251 | F3: 467.51373 | G3: 514.17192 | H3: 549.05885 | I3: 583.95396 | J3: 619.17711 | K3: 653.1133
B4: GDP | C4: BEL | D4: 502.76157 | E4: 556.64599 | F4: 580.98964 | G4: 627.93945 | H4: 669.11969 | I4: 707.56859 | J4: 744.4144 | K4: 781.68309
B5: GDP | C5: BGR | D5: 59.198664 | E5: 63.359287 | F5: 74.739607 | G5: 86.000608 | H5: 96.262083 | I5: 105.34113 | J5: 113.73752 | K5: 121.99447
B6: GDP | C6: HRV | D6: 56.2129 | E6: 58.233848 | F6: 74.856953 | G6: 85.023822 | H6: 92.061134 | I6: 96.605363 | J6: 99.595582 | K6: 101.6498
B7: GDP | C7: CYP | D7: 22.870805 | E7: 23.497388 | F7: 30.976297 | G7: 35.706272 | H7: 40.47533 | I7: 45.13166 | J7: 49.771306 | K7: 54.45334
B8: GDP | C8: CZE | D8: 218.62702 | E8: 234.16188 | F8: 251.42007 | G8: 273.21507 | H8: 293.98851 | I8: 314.62308 | J8: 334.82781 | K8: 354.71302
B9: GDP | C9: DNK | D9: 332.11886 | E9: 348.32493 | F9: 395.02289 | G9: 422.25982 | H9: 449.11312 | I9: 476.82843 | J9: 507.03981 | K9: 538.9412
B10: GDP | C10: EST | D10: 26.923978 | E10: 29.562598 | F10: 31.579197 | G10: 37.30524 | H10: 41.0245 | I10: 43.757618 | J10: 45.631115 | K10: 47.082738
B11: GDP | C11: FIN | D11: 256.96811 | E11: 268.79947 | F11: 286.37282 | G11: 307.90582 | H11: 326.05129 | I11: 344.72705 | J11: 363.85597 | K11: 383.69648
B12: GDP | C12: FRA | D12: 2640.2479 | E12: 2749.9288 | F12: 2944.768 | G12: 3186.1864 | H12: 3398.4944 | I12: 3614.6826 | J12: 3835.2648 | K12: 4064.6507
B13: GDP | C13: DEU | D13: 3690.8157 | E13: 3870.7816 | F13: 4015.3022 | G13: 4225.4372 | H13: 4448.8179 | I13: 4711.2006 | J13: 4990.3428 | K13: 5260.1516
B14: GDP | C14: GRC | D14: 199.8516 | E14: 198.93647 | F14: 237.70066 | G14: 263.45486 | H14: 283.87755 | I14: 306.84478 | J14: 329.77689 | K14: 352.21261
... B142: POP | C142: ROW | D142: 7066.0704 | E142: 7315.8962 | F142: 7659.6725 | G142: 8005.0339 | H142: 8325.6818 | I142: 8619.4883 | J142: 8880.1327 | K142: 9102.8315

Sheet SECTOR_CHM_REC
E2: 2017 | F2: 2020 | G2: 2025 | H2: 2030 | I2: 2035 | J2: 2040 | K2: 2045 | L2: 2050
B3: PROD | C3: AGR01 | D3: AUT | E3: 11.943814 | F3: 12.655291 | G3: 13.914252 | H3: 15.040243 | I3: 16.11256 | J3: 17.216189 | K3: 18.307846 | L3: 19.395686
B4: PROD | C4: AGR01 | D4: BEL | E4: 11.867644 | F4: 13.384678 | G4: 15.131091 | H4: 17.050067 | I4: 18.70446 | J4: 20.293997 | K4: 21.854244 | L4: 23.426529
B5: PROD | C5: AGR01 | D5: BGR | E5: 5.6849417 | F5: 5.9629062 | G5: 6.7647351 | H5: 7.4888971 | I5: 8.2914683 | J5: 9.094209 | K5: 9.8515419 | L5: 10.542856
B6: PROD | C6: AGR01 | D6: HRV | E6: 3.524676 | F6: 3.466756 | G6: 4.1666172 | H6: 4.5198174 | I6: 4.7830681 | J6: 4.9573943 | K6: 5.0672617 | L6: 5.1352042
B7: PROD | C7: AGR01 | D7: CYP | E7: 0.95627791 | F7: 0.95130489 | G7: 1.1591414 | H7: 1.2850595 | I7: 1.4180355 | J7: 1.5564528 | K7: 1.6994791 | L7: 1.8472682
B8: PROD | C8: AGR01 | D8: CZE | E8: 8.7010166 | F8: 9.2380483 | G8: 10.64278 | H8: 11.79173 | I8: 12.900015 | J8: 13.972055 | K8: 15.035608 | L8: 16.105158
B9: PROD | C9: AGR01 | D9: DNK | E9: 12.63339 | F9: 13.004103 | G9: 15.210733 | H9: 16.60098 | I9: 17.9063 | J9: 19.238972 | K9: 20.656851 | L9: 22.184017
B10: PROD | C10: AGR01 | D10: EST | E10: 1.6875297 | F10: 1.9249808 | G10: 2.2440892 | H10: 2.6107441 | I10: 2.9407184 | J10: 3.2294415 | K10: 3.4739787 | L10: 3.684574
B11: PROD | C11: AGR01 | D11: FIN | E11: 10.941716 | F11: 11.543592 | G11: 12.646665 | H11: 13.628109 | I11: 14.582945 | J11: 15.504697 | K11: 16.42139 | L11: 17.361849
B12: PROD | C12: AGR01 | D12: FRA | E12: 76.553209 | F12: 79.219189 | G12: 87.00756 | H12: 93.599608 | I12: 100.16046 | J12: 106.78475 | K12: 113.53127 | L12: 120.47436
B13: PROD | C13: AGR01 | D13: DEU | E13: 64.794826 | F13: 67.351723 | G13: 72.033566 | H13: 76.052114 | I13: 79.704078 | J13: 83.398758 | K13: 87.218527 | L13: 91.090217
B14: PROD | C14: AGR01 | D14: GRC | E14: 22.220988 | F14: 20.825087 | G14: 22.796151 | H14: 23.855231 | I14: 24.787079 | J14: 25.820553 | K14: 26.882735 | L14: 27.949553
... B199: PROD | C199: IND02 | D199: AUT | E199: 0.26673722 | F199: 0.2915694 | G199: 0.2984821 | H199: 0.31294045 | I199: 0.32608789 | J199: 0.34789826 | K199: 0.36908967 | L199: 0.38899317
B200: PROD | C200: IND02 | D200: BEL | E200: 6.8625745e-15
B201: PROD | C201: IND02 | D201: BGR | E201: 0.0001203172 | F201: 0.00012960543 | G201: 0.00015320685 | H201: 0.00017559686 | I201: 0.00019699749 | J201: 0.00021667476 | K201: 0.00023484472 | L201: 0.00025235272
B202: PROD | C202: IND02 | D202: HRV | E202: 4.3792288e-15
B203: PROD | C203: IND02 | D203: CYP | E203: 0.00062859867 | F203: 0.00063707856 | G203: 0.00071366939 | H203: 0.00074752469 | I203: 0.00078844089 | J203: 0.00083556291 | K203: 0.0008835376 | L203: 0.0009320442
B204: PROD | C204: IND02 | D204: CZE | E204: 3.1416623e-15
B205: PROD | C205: IND02 | D205: DNK | E205: 1.1464409e-14 | F205: 1.2008501e-14 | G205: 1.3135175e-14 | H205: 1.3175245e-14 | I205: 1.3120573e-14 | J205: 1.3193463e-14 | K205: 1.3393851e-14 | L205: 1.3572972e-14
B206: PROD | C206: IND02 | D206: EST | E206: 0.0011027514 | F206: 0.0011099329 | G206: 0.0010842532 | H206: 0.0009449535 | I206: 0.00085895426 | J206: 0.00079850008 | K206: 0.00075035931 | L206: 0.00070576522
B207: PROD | C207: IND02 | D207: FIN | E207: 4.1400382e-15
B208: PROD | C208: IND02 | D208: FRA | E208: 3.5522718e-15
B209: PROD | C209: IND02 | D209: DEU | E209: 6.0971607e-15
B210: PROD | C210: IND02 | D210: GRC | E210: 0.12277949 | F210: 0.12615719 | G210: 0.16522109 | H210: 0.18998703 | I210: 0.21124919 | J210: 0.23550638 | K210: 0.25966806 | L210: 0.28325846
B211: PROD | C211: IND02 | D211: HUN | E211: 2.7997785e-15
B212: PROD | C212: IND02 | D212: IRL | E212: 0.00032003812 | F212: 0.0003426925 | G212: 0.00038892153 | H212: 0.00039073676 | I212: 0.00040276228 | J212: 0.00042323921 | K212: 0.00045104669 | L212: 0.00047957171
B213: PROD | C213: IND02 | D213: ITA | E213: 5.6936341e-15
B214: PROD | C214: IND02 | D214: LVA | E214: 0.0011365303 | F214: 0.0013274124 | G214: 0.0014184472 | H214: 0.0015349922 | I214: 0.0016312811 | J214: 0.0017048943 | K214: 0.0017458676 | L214: 0.0017717595
B215: PROD | C215: IND02 | D215: LTU | E215: 0.0017745435 | F215: 0.0020788956 | G215: 0.0023303734 | H215: 0.0025913819 | I215: 0.0028229208 | J215: 0.0029951314 | K215: 0.0030940195 | L215: 0.0031171571
B216: PROD | C216: IND02 | D216: LUX | E216: 0.00057439647 | F216: 0.00071775907 | G216: 0.00071090967 | H216: 0.00079405309 | I216: 0.00085066057 | J216: 0.00089135094 | K216: 0.00091559523 | L216: 0.00093108931
B217: PROD | C217: IND02 | D217: MLT | E217: 0.00058422113 | F217: 0.00070217922 | G217: 0.00089944952 | H217: 0.0010674128 | I217: 0.0012372407 | J217: 0.0013986094 | K217: 0.0015406738 | L217: 0.0016641383
B218: PROD | C218: IND02 | D218: NLD | E218: 9.1154626e-15 | F218: 9.6009688e-15 | G218: 9.8541597e-15 | H218: 2.0132988e-14 | I218: 2.1003054e-14 | J218: 2.2058496e-14 | K218: 2.3255465e-14 | L218: 2.4157112e-14
B219: PROD | C219: IND02 | D219: POL | E219: 3.7645875e-15
B220: PROD | C220: IND02 | D220: PRT | E220: 3.9596e-15
B221: PROD | C221: IND02 | D221: ROU | E221: 1.7588236e-14 | F221: 2.0921665e-14 | G221: 2.5192979e-14 | H221: 2.7896049e-14 | I221: 3.009829e-14 | J221: 3.1629881e-14 | K221: 3.2458331e-14 | L221: 3.2774406e-14
B222: PROD | C222: IND02 | D222: SVK | E222: 9.4635051e-14 | F222: 1.0476441e-13 | G222: 1.1467353e-13 | H222: 1.2550101e-13 | I222: 1.3631541e-13 | J222: 1.469612e-13 | K222: 1.558879e-13 | L222: 1.6393294e-13
B223: PROD | C223: IND02 | D223: SVN | E223: 5.4730781e-14 | F223: 7.1175259e-14 | H223: 9.1522374e-14 | I223: 9.8226826e-14 | J223: 8.4800121e-14 | K223: 8.8239493e-14 | L223: 9.1705298e-14
B224: PROD | C224: IND02 | D224: ESP | E224: 1.7419146e-15
B225: PROD | C225: IND02 | D225: SWE | E225: 2.9639869 | F225: 3.2625579 | G225: 3.4971057 | H225: 3.805201 | I225: 4.1365934 | J225: 4.4859135 | K225: 4.8397697 | L225: 5.1937727
B226: PROD | C226: IND02 | D226: ROW | E226: 209.96145 | F226: 235.24435 | G226: 270.43862 | H226: 310.41635 | I226: 353.40242 | J226: 398.35349 | K226: 444.40954 | L226: 491.26474
B227: PROD | C227: IND03 | D227: AUT | E227: 0.00027286508 | F227: 0.00029723002 | G227: 0.0002904062 | H227: 0.00030027889 | I227: 0.00030750189 | J227: 0.00032488817 | K227: 0.00034195443 | L227: 0.00035803496
B228: PROD | C228: IND03 | D228: BEL | E228: 4.2943325e-15
B229: PROD | C229: IND03 | D229: BGR | E229: 0.00017658819 | F229: 0.0001922339 | G229: 0.00023062222 | H229: 0.00026772518 | I229: 0.00030367328 | J229: 0.00033746326 | K229: 0.00036911408 | L229: 0.00039992795
B230: PROD | C230: IND03 | D230: HRV | E230: 2.9541712e-15
B231: PROD | C231: IND03 | D231: CYP | E231: 0.00070397963 | F231: 0.0007650612 | G231: 0.00086312003 | H231: 0.00096210446 | I231: 0.0010669522 | J231: 0.0011757726 | K231: 0.0012879293 | L231: 0.0014031197
B232: PROD | C232: IND03 | D232: CZE | E232: 1.4215826e-15
B233: PROD | C233: IND03 | D233: DNK | E233: 0.00027994637 | F233: 0.00029872856 | G233: 0.00033169738 | H233: 0.00035790341 | I233: 0.00038350208 | J233: 0.00040853332 | K233: 0.00043386668 | L233: 0.00045997965
B234: PROD | C234: IND03 | D234: EST | E234: 0.00075071242 | F234: 0.00080937134 | G234: 0.00085439855 | H234: 0.00088187112 | I234: 0.00091773864 | J234: 0.00095177461 | K234: 0.0009809166 | L234: 0.0010023211
B235: PROD | C235: IND03 | D235: FIN | E235: 1.5974044e-15
B236: PROD | C236: IND03 | D236: FRA | E236: 1.5581064e-15
B237: PROD | C237: IND03 | D237: DEU | E237: 4.1135588e-15
B238: PROD | C238: IND03 | D238: GRC | E238: 0.075362529 | F238: 0.076004462 | G238: 0.10046892 | H238: 0.11307781 | I238: 0.12247105 | J238: 0.13411433 | K238: 0.14496136 | L238: 0.15468409
B239: PROD | C239: IND03 | D239: HUN | E239: 0.0023772363 | F239: 0.0025250233 | G239: 0.0027877247 | H239: 0.0029867676 | I239: 0.0031801419 | J239: 0.003355925 | K239: 0.0034965628 | L239: 0.0036090989
B240: PROD | C240: IND03 | D240: IRL | E240: 2.4889804e-15
B241: PROD | C241: IND03 | D241: ITA | E241: 2.1169925e-15
B242: PROD | C242: IND03 | D242: LVA | E242: 0.00078056876 | F242: 0.00088456823 | G242: 0.00093965172 | H242: 0.0010183601 | I242: 0.0010824179 | J242: 0.0011323337 | K242: 0.0011660099 | L242: 0.0011952604
B243: PROD | C243: IND03 | D243: LTU | E243: 2.1692009e-13 | F243: 2.4486114e-13 | G243: 2.6992814e-13 | H243: 3.0659729e-13 | I243: 3.2882975e-13 | J243: 3.4400752e-13 | K243: 3.5485934e-13 | L243: 3.6160209e-13
B244: PROD | C244: IND03 | D244: LUX | E244: 0.00051470296 | F244: 0.00064256023 | G244: 0.00063878085 | H244: 0.0007143062 | I244: 0.00076639846 | J244: 0.00080421077 | K244: 0.00082737516 | L244: 0.00084263227
B245: PROD | C245: IND03 | D245: MLT | E245: 0.00030608028 | F245: 0.00036023629 | G245: 0.00044577437 | H245: 0.00053353729 | I245: 0.0006213955 | J245: 0.00070191873 | K245: 0.000776737 | L245: 0.00084766555
B246: PROD | C246: IND03 | D246: NLD | E246: 8.5935618e-15 | F246: 9.273075e-15 | G246: 8.9397262e-15 | H246: 8.7963298e-15 | I246: 8.7939146e-15 | J246: 8.8546595e-15 | K246: 8.8810535e-15 | L246: 8.8835692e-15
B247: PROD | C247: IND03 | D247: POL | E247: 1.7502807e-15
B248: PROD | C248: IND03 | D248: PRT | E248: 0.00025730789 | F248: 0.00026847305 | G248: 0.00031256255 | H248: 0.00034655536 | I248: 0.00038041325 | J248: 0.00041588193 | K248: 0.00045052152 | L248: 0.00048470107
B249: PROD | C249: IND03 | D249: ROU | E249: 1.279785e-14 | F249: 1.592681e-14 | G249: 1.8017553e-14 | H249: 2.0362718e-14 | I249: 2.2977731e-14 | J249: 2.5574413e-14 | K249: 2.7762338e-14 | L249: 2.9332144e-14
B250: PROD | C250: IND03 | D250: SVK | E250: 2.0153018e-14 | F250: 4.196979e-14 | G250: 4.2410836e-14 | H250: 4.4106486e-14 | I250: 4.5879577e-14 | J250: 4.7749035e-14 | K250: 4.9044872e-14 | L250: 5.007516e-14
B251: PROD | C251: IND03 | D251: SVN | E251: 3.5250875e-14
B252: PROD | C252: IND03 | D252: ESP | E252: 1.0789571e-15
B253: PROD | C253: IND03 | D253: SWE | E253: 0.0007524313 | F253: 0.00079846914 | G253: 0.00077847267 | H253: 0.00081412565 | I253: 0.00082846567 | J253: 0.00083837942 | K253: 0.00084444266 | L253: 0.00084938228
B254: PROD | C254: IND03 | D254: ROW | E254: 15.768076 | F254: 17.54862 | G254: 20.243227 | H254: 23.14529 | I254: 26.271753 | J254: 29.553615 | K254: 32.918688 | L254: 36.341467
B255: PROD | C255: IND04 | D255: AUT | E255: 0.00013654938 | F255: 0.00014853635 | G255: 0.00014777472 | H255: 0.00015459706 | I255: 0.00016018312 | J255: 0.00017020557 | K255: 0.00018008137 | L255: 0.00018949738
B256: PROD | C256: IND04 | D256: BEL | E256: 3.2013842e-15
B257: PROD | C257: IND04 | D257: BGR | E257: 0.79664878 | F257: 0.88337146 | G257: 1.0245633 | H257: 1.1700139 | I257: 1.3295481 | J257: 1.4931882 | K257: 1.6546111 | L257: 1.8124764
B258: PROD | C258: IND04 | D258: HRV | E258: 0.00024690481 | F258: 0.00025522031 | G258: 0.00029328391 | H258: 0.00031731651 | I258: 0.00033479506 | J258: 0.00034636519 | K258: 0.00035398926 | L258: 0.00035937677
B259: PROD | C259: IND04 | D259: CYP | E259: 0.0051359886 | F259: 0.0054115556 | G259: 0.0058954085 | H259: 0.0063169156 | I259: 0.0068101317 | J259: 0.0073524473 | K259: 0.0079152581 | L259: 0.0084902398
B260: PROD | C260: IND04 | D260: CZE | E260: 0.00046604086 | F260: 0.00050292549 | G260: 0.00051908032 | H260: 0.0005458143 | I260: 0.0005720002 | J260: 0.00059878638 | K260: 0.00062394347 | L260: 0.00064747663
B261: PROD | C261: IND04 | D261: DNK | E261: 0.00058036632 | F261: 0.00061994843 | G261: 0.00070287044 | H261: 0.00076384272 | I261: 0.00082609862 | J261: 0.00088986195 | K261: 0.00095706456 | L261: 0.0010274125
B262: PROD | C262: IND04 | D262: EST | E262: 0.00080142037 | F262: 0.00086418377 | G262: 0.00091216773 | H262: 0.00094309667 | I262: 0.00098216328 | J262: 0.0010190506 | K262: 0.0010505623 | L262: 0.0010738274
B263: PROD | C263: IND04 | D263: FIN | E263: 0.31387416 | F263: 0.33698079 | G263: 0.34392691 | H263: 0.36285141 | I263: 0.3810166 | J263: 0.40130928 | K263: 0.42180773 | L263: 0.44206863
B264: PROD | C264: IND04 | D264: FRA | E264: 1.7564805e-15
B265: PROD | C265: IND04 | D265: DEU | E265: 5.903424e-15
B266: PROD | C266: IND04 | D266: GRC | E266: 0.00016410215 | F266: 0.00017045522 | G266: 0.00020942061 | H266: 0.00023709855 | I266: 0.00026228076 | J266: 0.000289936 | K266: 0.00031773006 | L266: 0.00034527144
B267: PROD | C267: IND04 | D267: HUN | E267: 0.00022098084 | F267: 0.00022989505 | G267: 0.0002576881 | H267: 0.00027587265 | I267: 0.00029030411 | J267: 0.00030083864 | K267: 0.00030754391 | L267: 0.00031196846
B268: PROD | C268: IND04 | D268: IRL | E268: 1.252759e-15
B269: PROD | C269: IND04 | D269: ITA | E269: 0.00032359614 | F269: 0.00033471455 | G269: 0.00035493597 | H269: 0.00036744213 | I269: 0.00038420781 | J269: 0.00040189635 | K269: 0.00041945843 | L269: 0.00043610716
B270: PROD | C270: IND04 | D270: LVA | E270: 0.00074149058 | F270: 0.00083951152 | G270: 0.00089265885 | H270: 0.00096808551 | I270: 0.0010296699 | J270: 0.0010782123 | K270: 0.0011117792 | L270: 0.0011414613
B271: PROD | C271: IND04 | D271: LTU | E271: 0.00063520107 | F271: 0.00073479932 | G271: 0.00080375685 | H271: 0.00092292124 | I271: 0.00098554017 | J271: 0.0010246342 | K271: 0.0010481657 | L271: 0.0010556763
B272: PROD | C272: IND04 | D272: LUX | E272: 0.00051733991 | F272: 0.00064302106 | G272: 0.00064443527 | H272: 0.00072149775 | I272: 0.00077570365 | J272: 0.00081553045 | K272: 0.00084070124 | L272: 0.00085768533
B273: PROD | C273: IND04 | D273: MLT | E273: 0.00027800984 | F273: 0.00032680884 | G273: 0.00040588609 | H273: 0.00048416244 | I273: 0.00056142623 | J273: 0.00063046036 | K273: 0.00069218569 | L273: 0.00074825398
B274: PROD | C274: IND04 | D274: NLD | E274: 6.3517992e-15 | I274: 8.4816694e-15 | J274: 8.9804781e-15 | K274: 9.4492019e-15 | L274: 1.0205522e-14
B275: PROD | C275: IND04 | D275: POL | E275: 1.3194576 | F275: 1.4419377 | G275: 1.6642756 | H275: 1.8512212 | I275: 1.9840762 | J275: 2.0821386 | K275: 2.14951 | L275: 2.1908657
B276: PROD | C276: IND04 | D276: PRT | E276: 0.27984417 | F276: 0.29734033 | G276: 0.32470414 | H276: 0.35200078 | I276: 0.37750556 | J276: 0.40612517 | K276: 0.43456954 | L276: 0.46309877
B277: PROD | C277: IND04 | D277: ROU | E277: 0.042532855 | F277: 0.0464804 | G277: 0.055247216 | H277: 0.062315519 | I277: 0.068560626 | J277: 0.073677178 | K277: 0.077743311 | L277: 0.081136759
B278: PROD | C278: IND04 | D278: SVK | E278: 0.0012920898 | F278: 0.0014115261 | G278: 0.0015588202 | H278: 0.0017050784 | I278: 0.0018547455 | J278: 0.0020032666 | K278: 0.0021325631 | L278: 0.0022496033
B279: PROD | C279: IND04 | D279: SVN | E279: 0.0035382606 | F279: 0.0037557136 | G279: 0.0043902727 | H279: 0.0048898971 | I279: 0.0053076148 | J279: 0.0056672438 | K279: 0.0059639734 | L279: 0.0062569369
B280: PROD | C280: IND04 | D280: ESP | E280: 2.4486547 | F280: 2.6427834 | G280: 3.0199941 | H280: 3.3000045 | I280: 3.6074065 | J280: 3.9525837 | K280: 4.2923311 | L280: 4.6319292
B281: PROD | C281: IND04 | D281: SWE | E281: 0.39575164 | F281: 0.42453471 | G281: 0.43251324 | H281: 0.46709077 | I281: 0.49341919 | J281: 0.51649697 | K281: 0.53746679 | L281: 0.55722991
B282: PROD | C282: IND04 | D282: ROW | E282: 82.704735 | F282: 91.851517 | G282: 106.35562 | H282: 121.65743 | I282: 138.27077 | J282: 155.80439 | K282: 173.76295 | L282: 192.00409
B283: PROD | C283: IND05 | D283: AUT | E283: 0.11683046 | F283: 0.12853959 | G283: 0.12242843 | H283: 0.13061566 | I283: 0.13487178 | J283: 0.144271 | K283: 0.15388788 | L283: 0.1628719
B284: PROD | C284: IND05 | D284: BEL | E284: 0.96672144 | F284: 1.1262625 | G284: 1.0522282 | H284: 1.0862604 | I284: 1.1174799 | J284: 1.1594334 | K284: 1.2041978 | L284: 1.2541706
B285: PROD | C285: IND05 | D285: BGR | E285: 0.28345397 | F285: 0.31448708 | G285: 0.39123729 | H285: 0.46194754 | I285: 0.53216134 | J285: 0.59797288 | K285: 0.65920761 | L285: 0.71894524
...

Sheet MACRO_CHM_REC_INV
D2: 2017 | E2: 2020 | F2: 2025 | G2: 2030 | H2: 2035 | I2: 2040 | J2: 2045 | K2: 2050
B3: GDP | C3: AUT | D3: 417.26098 | E3: 442.97251 | F3: 467.51347 | G3: 514.16792 | H3: 549.05705 | I3: 583.95411 | J3: 619.17899 | K3: 653.1167
B4: GDP | C4: BEL | D4: 502.76157 | E4: 556.64599 | F4: 580.99139 | G4: 627.93377 | H4: 669.11689 | I4: 707.5682 | J4: 744.41606 | K4: 781.6865
B5: GDP | C5: BGR | D5: 59.198664 | E5: 63.359287 | F5: 74.739757 | G5: 85.999753 | H5: 96.261586 | I5: 105.34096 | J5: 113.73765 | K5: 121.99486
B6: GDP | C6: HRV | D6: 56.2129 | E6: 58.233848 | F6: 74.856948 | G6: 85.023211 | H6: 92.060786 | I6: 96.605247 | J6: 99.595655 | K6: 101.65002
B7: GDP | C7: CYP | D7: 22.870805 | E7: 23.497388 | F7: 30.976343 | G7: 35.706114 | H7: 40.475247 | I7: 45.131654 | J7: 49.771373 | K7: 54.453476
B8: GDP | C8: CZE | D8: 218.62702 | E8: 234.16188 | F8: 251.41996 | G8: 273.21211 | H8: 293.98691 | I8: 314.62267 | J8: 334.82846 | K8: 354.71461
B9: GDP | C9: DNK | D9: 332.11886 | E9: 348.32493 | F9: 395.02206 | G9: 422.25814 | H9: 449.1125 | I9: 476.82871 | J9: 507.04088 | K9: 538.94297
B10: GDP | C10: EST | D10: 26.923978 | E10: 29.562598 | F10: 31.57923 | G10: 37.30497 | H10: 41.024369 | I10: 43.757605 | J10: 45.631199 | K10: 47.082899
B11: GDP | C11: FIN | D11: 256.96811 | E11: 268.79947 | F11: 286.37294 | G11: 307.90414 | H11: 326.0504 | I11: 344.72683 | J11: 363.85637 | K11: 383.69743
B12: GDP | C12: FRA | D12: 2640.2479 | E12: 2749.9288 | F12: 2944.7745 | G12: 3186.1687 | H12: 3398.4839 | I12: 3614.6787 | J12: 3835.2669 | K12: 4064.6585
B13: GDP | C13: DEU | D13: 3690.8157 | E13: 3870.7816 | F13: 4015.4807 | G13: 4227.0955 | H13: 4450.5663 | I13: 4713.0377 | J13: 4992.2584 | K13: 5262.1277
B14: GDP | C14: GRC | D14: 199.8516 | E14: 198.93647 | F14: 237.70095 | G14: 263.45347 | H14: 283.87666 | I14: 306.84436 | J14: 329.77694 | K14: 352.21309
... B142: POP | C142: ROW | D142: 7066.0704 | E142: 7315.8962 | F142: 7659.6725 | G142: 8005.0339 | H142: 8325.6818 | I142: 8619.4883 | J142: 8880.1327 | K142: 9102.8315

Sheet SECTOR_CHM_REC_INV
E2: 2017 | F2: 2020 | G2: 2025 | H2: 2030 | I2: 2035 | J2: 2040 | K2: 2045 | L2: 2050
B3: PROD | C3: AGR01 | D3: AUT | E3: 11.943814 | F3: 12.655291 | G3: 13.913544 | H3: 15.039789 | I3: 16.112217 | J3: 17.215948 | K3: 18.307696 | L3: 19.395617
B4: PROD | C4: AGR01 | D4: BEL | E4: 11.867644 | F4: 13.384678 | G4: 15.130764 | H4: 17.050137 | I4: 18.704691 | J4: 20.294372 | K4: 21.854745 | L4: 23.427139
B5: PROD | C5: AGR01 | D5: BGR | E5: 5.6849417 | F5: 5.9629062 | G5: 6.7642825 | H5: 7.4888225 | I5: 8.2914481 | J5: 9.0942379 | K5: 9.8516129 | L5: 10.54296
B6: PROD | C6: AGR01 | D6: HRV | E6: 3.524676 | F6: 3.466756 | G6: 4.1664908 | H6: 4.5197869 | I6: 4.7830565 | J6: 4.9573979 | K6: 5.0672768 | L6: 5.1352276
B7: PROD | C7: AGR01 | D7: CYP | E7: 0.95627791 | F7: 0.95130489 | G7: 1.1591208 | H7: 1.2850654 | I7: 1.4180463 | J7: 1.5564684 | K7: 1.6994989 | L7: 1.8472919
B8: PROD | C8: AGR01 | D8: CZE | E8: 8.7010166 | F8: 9.2380483 | G8: 10.642135 | H8: 11.791268 | I8: 12.899651 | J8: 13.971784 | K8: 15.035424 | L8: 16.105053
B9: PROD | C9: AGR01 | D9: DNK | E9: 12.63339 | F9: 13.004103 | G9: 15.210701 | H9: 16.601292 | I9: 17.906706 | J9: 19.239464 | K9: 20.657421 | L9: 22.184656
B10: PROD | C10: AGR01 | D10: EST | E10: 1.6875297 | F10: 1.9249808 | G10: 2.2440317 | H10: 2.6107379 | I10: 2.9407334 | J10: 3.2294746 | K10: 3.4740267 | L10: 3.6846337
B11: PROD | C11: AGR01 | D11: FIN | E11: 10.941716 | F11: 11.543592 | G11: 12.646272 | H11: 13.628045 | I11: 14.582959 | J11: 15.504782 | K11: 16.421538 | L11: 17.362053
B12: PROD | C12: AGR01 | D12: FRA | E12: 76.553209 | F12: 79.219189 | G12: 87.005344 | H12: 93.599478 | I12: 100.16077 | J12: 106.78549 | K12: 113.5324 | L12: 120.47583
B13: PROD | C13: AGR01 | D13: DEU | E13: 64.794826 | F13: 67.351723 | G13: 72.000369 | H13: 76.089185 | I13: 79.742627 | J13: 83.438455 | K13: 87.259034 | L13: 91.131171
B14: PROD | C14: AGR01 | D14: GRC | E14: 22.220988 | F14: 20.825087 | G14: 22.795879 | H14: 23.855226 | I14: 24.787146 | J14: 25.820687 | K14: 26.882927 | L14: 27.949796
... B199: PROD | C199: IND02 | D199: AUT | E199: 0.26673722 | F199: 0.2915694 | G199: 0.29846543 | H199: 0.31294849 | I199: 0.326099 | J199: 0.34791201 | K199: 0.36910558 | L199: 0.38901088
B200: PROD | C200: IND02 | D200: BEL | E200: 6.8625745e-15
B201: PROD | C201: IND02 | D201: BGR | E201: 0.0001203172 | F201: 0.00012960543 | G201: 0.00015320916 | H201: 0.00017559371 | I201: 0.00019699522 | J201: 0.00021667328 | K201: 0.00023484401 | L201: 0.00025235271
B202: PROD | C202: IND02 | D202: HRV | E202: 4.3792288e-15
B203: PROD | C203: IND02 | D203: CYP | E203: 0.00062859867 | F203: 0.00063707856 | G203: 0.00071372203 | H203: 0.00074751179 | I203: 0.00078843048 | J203: 0.00083555529 | K203: 0.00088353092 | L203: 0.00093203896
B204: PROD | C204: IND02 | D204: CZE | E204: 3.1416623e-15
B205: PROD | C205: IND02 | D205: DNK | E205: 1.1464409e-14 | F205: 1.2008501e-14 | G205: 1.3136115e-14 | H205: 1.3114886e-14 | I205: 1.3120821e-14 | J205: 1.3193716e-14 | K205: 1.3394099e-14 | L205: 1.3511488e-14
B206: PROD | C206: IND02 | D206: EST | E206: 0.0011027514 | F206: 0.0011099329 | G206: 0.0010842909 | H206: 0.00094494382 | I206: 0.00085894981 | J206: 0.00079849794 | K206: 0.00075035936 | L206: 0.00070576733
B207: PROD | C207: IND02 | D207: FIN | E207: 4.1400382e-15
B208: PROD | C208: IND02 | D208: FRA | E208: 3.5522718e-15
B209: PROD | C209: IND02 | D209: DEU | E209: 6.0971607e-15
B210: PROD | C210: IND02 | D210: GRC | E210: 0.12277949 | F210: 0.12615719 | G210: 0.16522511 | H210: 0.18998494 | I210: 0.21124729 | J210: 0.23550463 | K210: 0.25966649 | L210: 0.28325708
B211: PROD | C211: IND02 | D211: HUN | E211: 2.7997785e-15
B212: PROD | C212: IND02 | D212: IRL | E212: 0.00032003812 | F212: 0.0003426925 | G212: 0.00038891831 | H212: 0.0003907397 | I212: 0.00040276706 | J212: 0.00042324519 | K212: 0.00045105368 | L212: 0.00047957947
B213: PROD | C213: IND02 | D213: ITA | E213: 5.6936341e-15
B214: PROD | C214: IND02 | D214: LVA | E214: 0.0011365303 | F214: 0.0013274124 | G214: 0.0014185582 | H214: 0.0015349525 | I214: 0.0016312561 | J214: 0.0017048804 | K214: 0.0017458626 | L214: 0.0017717619
B215: PROD | C215: IND02 | D215: LTU | E215: 0.0017745435 | F215: 0.0020788956 | G215: 0.0023305141 | H215: 0.0025913055 | I215: 0.00282287 | J215: 0.0029951004 | K215: 0.0030940048 | L215: 0.0031171561
B216: PROD | C216: IND02 | D216: LUX | E216: 0.00057439647 | F216: 0.00071775907 | G216: 0.00071085771 | H216: 0.00079409364 | I216: 0.00085071021 | J216: 0.00089140646 | K216: 0.00091565226 | L216: 0.00093114681
B217: PROD | C217: IND02 | D217: MLT | E217: 0.00058422113 | F217: 0.00070217922 | G217: 0.00089945005 | H217: 0.0010674158 | I217: 0.0012372501 | J217: 0.001398623 | K217: 0.00154069 | L217: 0.0016641561
B218: PROD | C218: IND02 | D218: NLD | E218: 9.1154626e-15 | F218: 9.6009688e-15 | G218: 9.8863418e-15 | H218: 1.9947852e-14 | I218: 2.1005085e-14 | J218: 2.2256925e-14 | K218: 2.3256524e-14 | L218: 2.4122901e-14
B219: PROD | C219: IND02 | D219: POL | E219: 3.7645875e-15
B220: PROD | C220: IND02 | D220: PRT | E220: 3.9596e-15
B221: PROD | C221: IND02 | D221: ROU | E221: 1.7588236e-14 | F221: 2.0921665e-14 | G221: 2.5202412e-14 | H221: 2.7891107e-14 | I221: 3.0097166e-14 | J221: 3.1629773e-14 | K221: 3.2454881e-14 | L221: 3.276623e-14
B222: PROD | C222: IND02 | D222: SVK | E222: 9.4635051e-14 | F222: 1.0476441e-13 | G222: 1.1469642e-13 | H222: 1.2549556e-13 | I222: 1.3631188e-13 | J222: 1.4693451e-13 | K222: 1.5589478e-13 | L222: 1.6393122e-13
B223: PROD | C223: IND02 | D223: SVN | E223: 5.4730781e-14 | F223: 7.1175259e-14 | G223: 8.3007167e-14 | H223: 9.1524017e-14 | I223: 9.8229229e-14 | J223: 8.4802088e-14 | K223: 8.8241462e-14 | L223: 9.170752e-14
B224: PROD | C224: IND02 | D224: ESP | E224: 1.7419146e-15
B225: PROD | C225: IND02 | D225: SWE | E225: 2.9639869 | F225: 3.2625579 | G225: 3.4969738 | H225: 3.8054836 | I225: 4.136905 | J225: 4.4862504 | K225: 4.8401276 | L225: 5.1941469
B226: PROD | C226: IND02 | D226: ROW | E226: 209.96145 | F226: 235.24435 | G226: 270.44879 | H226: 310.41589 | I226: 353.40185 | J226: 398.35276 | K226: 444.40868 | L226: 491.26377
B227: PROD | C227: IND03 | D227: AUT | E227: 0.00027286508 | F227: 0.00029723002 | G227: 0.00029036285 | H227: 0.00030028396 | I227: 0.00030751036 | J227: 0.00032489956 | K227: 0.00034196821 | L227: 0.00035805067
B228: PROD | C228: IND03 | D228: BEL | E228: 4.2943325e-15
B229: PROD | C229: IND03 | D229: BGR | E229: 0.00017658819 | F229: 0.0001922339 | G229: 0.00023062853 | H229: 0.00026771945 | I229: 0.00030366872 | J229: 0.00033745981 | K229: 0.00036911165 | L229: 0.00039992649
B230: PROD | C230: IND03 | D230: HRV | E230: 2.9541712e-15
B231: PROD | C231: IND03 | D231: CYP | E231: 0.00070397963 | F231: 0.0007650612 | G231: 0.00086312116 | H231: 0.00096210537 | I231: 0.0010669551 | J231: 0.0011757775 | K231: 0.0012879354 | L231: 0.0014031277
B232: PROD | C232: IND03 | D232: CZE | E232: 1.4215826e-15
B233: PROD | C233: IND03 | D233: DNK | E233: 0.00027994637 | F233: 0.00029872856 | G233: 0.00033171652 | H233: 0.00035790269 | I233: 0.0003835023 | J233: 0.00040853428 | K233: 0.00043386827 | L233: 0.00045998181
B234: PROD | C234: IND03 | D234: EST | E234: 0.00075071242 | F234: 0.00080937134 | G234: 0.00085438091 | H234: 0.00088186638 | I234: 0.00091773733 | J234: 0.00095177587 | K234: 0.00098091932 | L234: 0.0010023254
B235: PROD | C235: IND03 | D235: FIN | E235: 1.5974044e-15
B236: PROD | C236: IND03 | D236: FRA | E236: 1.5581064e-15
B237: PROD | C237: IND03 | D237: DEU | E237: 4.1135588e-15
B238: PROD | C238: IND03 | D238: GRC | E238: 0.075362529 | F238: 0.076004462 | G238: 0.10047151 | H238: 0.11307836 | I238: 0.1224719 | J238: 0.13411545 | K238: 0.1449627 | L238: 0.15468561
B239: PROD | C239: IND03 | D239: HUN | E239: 0.0023772363 | F239: 0.0025250233 | G239: 0.0027876377 | H239: 0.0029866568 | I239: 0.0031800605 | J239: 0.003355868 | K239: 0.0034965265 | L239: 0.0036090804
B240: PROD | C240: IND03 | D240: IRL | E240: 2.4889804e-15
B241: PROD | C241: IND03 | D241: ITA | E241: 2.1169925e-15
B242: PROD | C242: IND03 | D242: LVA | E242: 0.00078056876 | F242: 0.00088456823 | G242: 0.00093970211 | H242: 0.0010183478 | I242: 0.0010824117 | J242: 0.001132332 | K242: 0.0011660115 | L242: 0.0011952649
B243: PROD | C243: IND03 | D243: LTU | E243: 2.1692009e-13 | F243: 2.4486114e-13 | G243: 2.699337e-13 | H243: 3.0659556e-13 | I243: 3.2882984e-13 | J243: 3.4400914e-13 | K243: 3.5486183e-13 | L243: 3.616055e-13
B244: PROD | C244: IND03 | D244: LUX | E244: 0.00051470296 | F244: 0.00064256023 | G244: 0.00063873861 | H244: 0.00071434324 | I244: 0.0007664437 | J244: 0.00080426118 | K244: 0.00082742721 | L244: 0.00084268535
B245: PROD | C245: IND03 | D245: MLT | E245: 0.00030608028 | F245: 0.00036023629 | G245: 0.00044578021 | H245: 0.00053353192 | I245: 0.00062139098 | J245: 0.0007019149 | K245: 0.00077673369 | L245: 0.00084766273
B246: PROD | C246: IND03 | D246: NLD | E246: 8.5935618e-15 | F246: 9.273075e-15 | G246: 8.93886e-15 | H246: 8.7967045e-15 | I246: 8.7943339e-15 | J246: 8.8762661e-15 | K246: 8.8815155e-15 | L246: 8.862813e-15
B247: PROD | C247: IND03 | D247: POL | E247: 1.7502807e-15
B248: PROD | C248: IND03 | D248: PRT | E248: 0.00025730789 | F248: 0.00026847305 | G248: 0.00031256801 | H248: 0.00034655107 | I248: 0.00038040959 | J248: 0.00041587887 | K248: 0.00045051898 | L248: 0.0004846991
B249: PROD | C249: IND03 | D249: ROU | E249: 1.279785e-14 | F249: 1.592681e-14 | G249: 1.8018388e-14 | H249: 2.0358989e-14 | I249: 2.2977006e-14 | J249: 2.5574021e-14 | K249: 2.7762285e-14 | L249: 2.9327889e-14
B250: PROD | C250: IND03 | D250: SVK | E250: 2.0153018e-14 | F250: 4.196979e-14 | G250: 4.2402599e-14 | H250: 4.4106211e-14 | I250: 4.5878941e-14 | J250: 4.7750273e-14 | K250: 4.9046128e-14 | L250: 5.0076496e-14
B251: PROD | C251: IND03 | D251: SVN | E251: 3.5250875e-14
B252: PROD | C252: IND03 | D252: ESP | E252: 1.0789571e-15
B253: PROD | C253: IND03 | D253: SWE | E253: 0.0007524313 | F253: 0.00079846914 | G253: 0.00077843504 | H253: 0.00081413967 | I253: 0.00082848712 | J253: 0.00083840606 | K253: 0.00084447275 | L253: 0.00084941474
B254: PROD | C254: IND03 | D254: ROW | E254: 15.768076 | F254: 17.54862 | G254: 20.244198 | H254: 23.145307 | I254: 26.271767 | J254: 29.553621 | K254: 32.918686 | L254: 36.341459
B255: PROD | C255: IND04 | D255: AUT | E255: 0.00013654938 | F255: 0.00014853635 | G255: 0.00014775704 | H255: 0.00015459911 | I255: 0.00016018668 | J255: 0.00017021044 | K255: 0.00018008731 | L255: 0.00018950417
B256: PROD | C256: IND04 | D256: BEL | E256: 3.2013842e-15
B257: PROD | C257: IND04 | D257: BGR | E257: 0.79664878 | F257: 0.88337146 | G257: 1.0245636 | H257: 1.1700084 | I257: 1.3295489 | J257: 1.4931946 | K257: 1.6546222 | L257: 1.8124919
B258: PROD | C258: IND04 | D258: HRV | E258: 0.00024690481 | F258: 0.00025522031 | G258: 0.0002932798 | H258: 0.00031731672 | I258: 0.00033479646 | J258: 0.00034636747 | K258: 0.00035399215 | L258: 0.0003593801
B259: PROD | C259: IND04 | D259: CYP | E259: 0.0051359886 | F259: 0.0054115556 | G259: 0.0058954476 | H259: 0.0063169271 | I259: 0.0068101585 | J259: 0.0073524867 | K259: 0.0079153085 | L259: 0.0084903007
B260: PROD | C260: IND04 | D260: CZE | E260: 0.00046604086 | F260: 0.00050292549 | G260: 0.00051905427 | H260: 0.00054581755 | I260: 0.00057200764 | J260: 0.00059879698 | K260: 0.00062395653 | L260: 0.00064749171
B261: PROD | C261: IND04 | D261: DNK | E261: 0.00058036632 | F261: 0.00061994843 | G261: 0.00070292759 | H261: 0.00076383951 | I261: 0.00082609579 | J261: 0.00088985933 | K261: 0.00095706202 | L261: 0.0010274101
B262: PROD | C262: IND04 | D262: EST | E262: 0.00080142037 | F262: 0.00086418377 | G262: 0.00091214994 | H262: 0.0009430914 | I262: 0.00098216175 | J262: 0.0010190515 | K262: 0.001050565 | L262: 0.0010738315
B263: PROD | C263: IND04 | D263: FIN | E263: 0.31387416 | F263: 0.33698079 | G263: 0.34391985 | H263: 0.3628743 | I263: 0.38104195 | J263: 0.40133676 | K263: 0.42183693 | L263: 0.44209914
B264: PROD | C264: IND04 | D264: FRA | E264: 1.7564805e-15
B265: PROD | C265: IND04 | D265: DEU | E265: 5.903424e-15
B266: PROD | C266: IND04 | D266: GRC | E266: 0.00016410215 | F266: 0.00017045522 | G266: 0.00020942251 | H266: 0.00023709716 | I266: 0.00026227962 | J266: 0.00028993508 | K266: 0.00031772935 | L266: 0.00034527097
B267: PROD | C267: IND04 | D267: HUN | E267: 0.00022098084 | F267: 0.00022989505 | G267: 0.00025769225 | H267: 0.00027586278 | I267: 0.0002902964 | J267: 0.00030083266 | K267: 0.00030753939 | L267: 0.00031196521
B268: PROD | C268: IND04 | D268: IRL | E268: 1.252759e-15
B269: PROD | C269: IND04 | D269: ITA | E269: 0.00032359614 | F269: 0.00033471455 | G269: 0.00035495124 | H269: 0.00036744083 | I269: 0.00038420791 | J269: 0.00040189762 | K269: 0.00041946072 | L269: 0.00043611042
B270: PROD | C270: IND04 | D270: LVA | E270: 0.00074149058 | F270: 0.00083951152 | G270: 0.00089270951 | H270: 0.00096807342 | I270: 0.0010296633 | J270: 0.0010782098 | K270: 0.0011117797 | L270: 0.0011414644
B271: PROD | C271: IND04 | D271: LTU | E271: 0.00063520107 | F271: 0.00073479932 | G271: 0.00080379436 | H271: 0.00092289198 | I271: 0.00098551702 | J271: 0.0010246164 | K271: 0.0010481524 | L271: 0.0010556669
B272: PROD | C272: IND04 | D272: LUX | E272: 0.00051733991 | F272: 0.00064302106 | G272: 0.00064440556 | H272: 0.00072153482 | I272: 0.00077574887 | J272: 0.00081558043 | K272: 0.00084075334 | L272: 0.00085773807
B273: PROD | C273: IND04 | D273: MLT | E273: 0.00027800984 | F273: 0.00032680884 | G273: 0.00040589195 | H273: 0.00048415638 | I273: 0.00056142078 | J273: 0.0006304554 | K273: 0.00069218111 | L273: 0.00074824974
B274: PROD | C274: IND04 | D274: NLD | E274: 6.3517992e-15 | I274: 8.4818326e-15 | J274: 8.9806633e-15 | K274: 9.4494041e-15 | L274: 9.8854392e-15
B275: PROD | C275: IND04 | D275: POL | E275: 1.3194576 | F275: 1.4419377 | G275: 1.6642458 | H275: 1.8512255 | I275: 1.9840936 | J275: 2.0821644 | K275: 2.1495409 | L275: 2.1908995
B276: PROD | C276: IND04 | D276: PRT | E276: 0.27984417 | F276: 0.29734033 | G276: 0.32469728 | H276: 0.3520174 | I276: 0.37752406 | J276: 0.40614539 | K276: 0.4345912 | L276: 0.46312158
B277: PROD | C277: IND04 | D277: ROU | E277: 0.042532855 | F277: 0.0464804 | G277: 0.055245931 | H277: 0.062314907 | I277: 0.068560293 | J277: 0.073677086 | K277: 0.077743423 | L277: 0.081137039
B278: PROD | C278: IND04 | D278: SVK | E278: 0.0012920898 | F278: 0.0014115261 | G278: 0.0015589155 | H278: 0.0017050224 | I278: 0.0018547001 | J278: 0.0020032296 | K278: 0.002132534 | L278: 0.0022495817
B279: PROD | C279: IND04 | D279: SVN | E279: 0.0035382606 | F279: 0.0037557136 | G279: 0.0043904658 | H279: 0.0048899315 | I279: 0.0053076645 | J279: 0.0056673048 | K279: 0.0059640423 | L279: 0.0062570116
B280: PROD | C280: IND04 | D280: ESP | E280: 2.4486547 | F280: 2.6427834 | G280: 3.0200731 | H280: 3.2999923 | I280: 3.6074159 | J280: 3.9526119 | K280: 4.292376 | L280: 4.6319897
B281: PROD | C281: IND04 | D281: SWE | E281: 0.39575164 | F281: 0.42453471 | G281: 0.43251569 | H281: 0.46711902 | I281: 0.49345139 | J281: 0.51653184 | K281: 0.53750343 | L281: 0.55726763
B282: PROD | C282: IND04 | D282: ROW | E282: 82.704735 | F282: 91.851517 | G282: 106.36051 | H282: 121.65758 | I282: 138.27087 | J282: 155.80444 | K282: 173.76294 | L282: 192.00404
B283: PROD | C283: IND05 | D283: AUT | E283: 0.11683046 | F283: 0.12853959 | G283: 0.12241077 | H283: 0.13062052 | I283: 0.13487793 | J283: 0.14427848 | K283: 0.15389647 | L283: 0.16288139
B284: PROD | C284: IND05 | D284: BEL | E284: 0.96672144 | F284: 1.1262625 | G284: 1.0522581 | H284: 1.0862936 | I284: 1.117517 | J284: 1.159473 | K284: 1.2042388 | L284: 1.2542126
B285: PROD | C285: IND05 | D285: BGR | E285: 0.28345397 | F285: 0.31448708 | G285: 0.39123928 | H285: 0.46193647 | I285: 0.53215244 | J285: 0.59796616 | K285: 0.65920297 | L285: 0.71894253
...

Sheet MACRO_CHM_REC_OIL
D2: 2017 | E2: 2020 | F2: 2025 | G2: 2030 | H2: 2035 | I2: 2040 | J2: 2045 | K2: 2050
B3: GDP | C3: AUT | D3: 417.26098 | E3: 442.97251 | F3: 467.51373 | G3: 508.84388 | H3: 541.34503 | I3: 574.08979 | J3: 607.3528 | K3: 639.51211
B4: GDP | C4: BEL | D4: 502.76157 | E4: 556.64599 | F4: 580.98964 | G4: 616.41975 | H4: 654.21108 | I4: 689.73836 | J4: 724.00473 | K4: 758.90199
B5: GDP | C5: BGR | D5: 59.198664 | E5: 63.359287 | F5: 74.739607 | G5: 84.18632 | H5: 93.672146 | I5: 102.07077 | J5: 109.86153 | K5: 117.55301
B6: GDP | C6: HRV | D6: 56.2129 | E6: 58.233848 | F6: 74.856953 | G6: 83.322807 | H6: 89.792754 | I6: 93.908368 | J6: 96.578377 | K6: 98.388402
B7: GDP | C7: CYP | D7: 22.870805 | E7: 23.497388 | F7: 30.976297 | G7: 34.974352 | H7: 39.468712 | I7: 43.853981 | J7: 48.229067 | K7: 52.652268
B8: GDP | C8: CZE | D8: 218.62702 | E8: 234.16188 | F8: 251.42007 | G8: 269.5856 | H8: 288.95528 | I8: 308.31723 | J8: 327.36413 | K8: 346.18541
B9: GDP | C9: DNK | D9: 332.11886 | E9: 348.32493 | F9: 395.02289 | G9: 418.63546 | H9: 444.01147 | I9: 470.40128 | J9: 499.35355 | K9: 530.0394
B10: GDP | C10: EST | D10: 26.923978 | E10: 29.562598 | F10: 31.579197 | G10: 36.631997 | H10: 40.111242 | I10: 42.653299 | J10: 44.381835 | K10: 45.720628
B11: GDP | C11: FIN | D11: 256.96811 | E11: 268.79947 | F11: 286.37282 | G11: 302.85503 | H11: 319.69181 | I11: 337.14381 | J11: 355.1129 | K11: 373.8334
B12: GDP | C12: FRA | D12: 2640.2479 | E12: 2749.9288 | F12: 2944.768 | G12: 3153.608 | H12: 3353.2113 | I12: 3557.7537 | J12: 3767.4801 | K12: 3986.4835
B13: GDP | C13: DEU | D13: 3690.8157 | E13: 3870.7816 | F13: 4015.3022 | G13: 4180.7536 | H13: 4388.9152 | I13: 4636.91 | J13: 4902.3531 | K13: 5159.4743
B14: GDP | C14: GRC | D14: 199.8516 | E14: 198.93647 | F14: 237.70066 | G14: 252.81624 | H14: 270.65344 | I14: 290.79682 | J14: 310.94172 | K14: 330.68354
... B142: POP | C142: ROW | D142: 7066.0704 | E142: 7315.8962 | F142: 7659.6725 | G142: 8005.0339 | H142: 8325.6818 | I142: 8619.4883 | J142: 8880.1327 | K142: 9102.8315

Sheet SECTOR_CHM_REC_OIL
E2: 2017 | F2: 2020 | G2: 2025 | H2: 2030 | I2: 2035 | J2: 2040 | K2: 2045 | L2: 2050
B3: PROD | C3: AGR01 | D3: AUT | E3: 11.943814 | F3: 12.655291 | G3: 13.914252 | H3: 14.621986 | I3: 15.568032 | J3: 16.554476 | K3: 17.538481 | L3: 18.52335
B4: PROD | C4: AGR01 | D4: BEL | E4: 11.867644 | F4: 13.384678 | G4: 15.131091 | H4: 16.190926 | I4: 17.607797 | J4: 18.981287 | K4: 20.339617 | L4: 21.718517
B5: PROD | C5: AGR01 | D5: BGR | E5: 5.6849417 | F5: 5.9629062 | G5: 6.7647351 | H5: 7.1682493 | I5: 7.8838433 | J5: 8.6061571 | K5: 9.2946034 | L5: 9.9304606
B6: PROD | C6: AGR01 | D6: HRV | E6: 3.524676 | F6: 3.466756 | G6: 4.1666172 | H6: 4.3314557 | I6: 4.5633625 | J6: 4.7143611 | K6: 4.8079487 | L6: 4.8646455
B7: PROD | C7: AGR01 | D7: CYP | E7: 0.95627791 | F7: 0.95130489 | G7: 1.1591414 | H7: 1.2113774 | I7: 1.3301952 | J7: 1.4542864 | K7: 1.5829576 | L7: 1.716294
B8: PROD | C8: AGR01 | D8: CZE | E8: 8.7010166 | F8: 9.2380483 | G8: 10.64278 | H8: 11.436148 | I8: 12.429077 | J8: 13.396176 | K8: 14.361121 | L8: 15.334946
B9: PROD | C9: AGR01 | D9: DNK | E9: 12.63339 | F9: 13.004103 | G9: 15.210733 | H9: 15.793743 | I9: 16.938379 | J9: 18.121291 | K9: 19.392581 | L9: 20.768413
B10: PROD | C10: AGR01 | D10: EST | E10: 1.6875297 | F10: 1.9249808 | G10: 2.2440892 | H10: 2.3830474 | I10: 2.6613131 | J10: 2.902321 | K10: 3.1034762 | L10: 3.2753948
B11: PROD | C11: AGR01 | D11: FIN | E11: 10.941716 | F11: 11.543592 | G11: 12.646665 | H11: 13.042762 | I11: 13.874309 | J11: 14.686882 | K11: 15.502824 | L11: 16.346556
B12: PROD | C12: AGR01 | D12: FRA | E12: 76.553209 | F12: 79.219189 | G12: 87.00756 | H12: 90.365631 | I12: 96.137047 | J12: 102.0353 | K12: 108.09368 | L12: 114.37143
B13: PROD | C13: AGR01 | D13: DEU | E13: 64.794826 | F13: 67.351723 | G13: 72.033566 | H13: 76.52408 | I13: 79.841756 | J13: 83.27244 | K13: 86.871872 | L13: 90.545408
B14: PROD | C14: AGR01 | D14: GRC | E14: 22.220988 | F14: 20.825087 | G14: 22.796151 | H14: 23.847965 | I14: 24.690397 | J14: 25.652635 | K14: 26.652256 | L14: 27.662752
... B199: PROD | C199: IND02 | D199: AUT | E199: 0.26673722 | F199: 0.2915694 | G199: 0.2984821 | H199: 0.33485276 | I199: 0.34841574 | J199: 0.37136723 | K199: 0.39375699 | L199: 0.41499064
B200: PROD | C200: IND02 | D200: BEL | E200: 6.8625745e-15
B201: PROD | C201: IND02 | D201: BGR | E201: 0.0001203172 | F201: 0.00012960543 | G201: 0.00015320685 | H201: 0.00017111005 | I201: 0.00019065784 | J201: 0.00020860722 | K201: 0.00022517409 | L201: 0.00024118021
B202: PROD | C202: IND02 | D202: HRV | E202: 4.3792288e-15
B203: PROD | C203: IND02 | D203: CYP | E203: 0.00062859867 | F203: 0.00063707856 | G203: 0.00071366939 | H203: 0.00071845828 | I203: 0.00075378022 | J203: 0.00079529561 | K203: 0.00083814967 | L203: 0.00088206531
B204: PROD | C204: IND02 | D204: CZE | E204: 3.1416623e-15
B205: PROD | C205: IND02 | D205: DNK | E205: 1.1464409e-14 | F205: 1.2008501e-14 | G205: 1.3135175e-14 | H205: 1.4821321e-14 | I205: 1.4881664e-14 | J205: 1.5064426e-14 | K205: 1.5250328e-14 | L205: 1.548219e-14
B206: PROD | C206: IND02 | D206: EST | E206: 0.0011027514 | F206: 0.0011099329 | G206: 0.0010842532 | H206: 0.0010916571 | I206: 0.00099704796 | J206: 0.00092935173 | K206: 0.00087525409 | L206: 0.00082512157
B207: PROD | C207: IND02 | D207: FIN | E207: 4.1400382e-15
B208: PROD | C208: IND02 | D208: FRA | E208: 3.5522718e-15
B209: PROD | C209: IND02 | D209: DEU | E209: 6.0971607e-15
B210: PROD | C210: IND02 | D210: GRC | E210: 0.12277949 | F210: 0.12615719 | G210: 0.16522109 | H210: 0.11695646 | I210: 0.12718599 | J210: 0.1387927 | K210: 0.15038992 | L210: 0.16177505
B211: PROD | C211: IND02 | D211: HUN | E211: 2.7997785e-15
B212: PROD | C212: IND02 | D212: IRL | E212: 0.00032003812 | F212: 0.0003426925 | G212: 0.00038892153 | H212: 0.00043309677 | I212: 0.00044782047 | J212: 0.00047161126 | K212: 0.00050365292 | L212: 0.00053667158
B213: PROD | C213: IND02 | D213: ITA | E213: 5.6936341e-15 | L213: 8.2673179e-15
B214: PROD | C214: IND02 | D214: LVA | E214: 0.0011365303 | F214: 0.0013274124 | G214: 0.0014184472 | H214: 0.0015983008 | I214: 0.0016923993 | J214: 0.0017632055 | K214: 0.001801901 | L214: 0.0018271361
B215: PROD | C215: IND02 | D215: LTU | E215: 0.0017745435 | F215: 0.0020788956 | G215: 0.0023303734 | H215: 0.0029040634 | I215: 0.0031583138 | J215: 0.0033446477 | K215: 0.0034502795 | L215: 0.0034735858
B216: PROD | C216: IND02 | D216: LUX | E216: 0.00057439647 | F216: 0.00071775907 | G216: 0.00071090967 | H216: 0.0007624188 | I216: 0.00081197395 | J216: 0.000847253 | K216: 0.00086755528 | L216: 0.00088019745
B217: PROD | C217: IND02 | D217: MLT | E217: 0.00058422113 | F217: 0.00070217922 | G217: 0.00089944952 | H217: 0.0012368693 | I217: 0.0014371966 | J217: 0.0016296124 | K217: 0.001801035 | L217: 0.0019516125
B218: PROD | C218: IND02 | D218: NLD | E218: 9.1154626e-15 | F218: 9.6009688e-15 | G218: 9.8541597e-15 | H218: 2.1130811e-14 | I218: 2.2470082e-14 | J218: 2.3617185e-14 | K218: 2.4682459e-14 | L218: 2.5657372e-14
B219: PROD | C219: IND02 | D219: POL | E219: 3.7645875e-15
B220: PROD | C220: IND02 | D220: PRT | E220: 3.9596e-15
B221: PROD | C221: IND02 | D221: ROU | E221: 1.7588236e-14 | F221: 2.0921665e-14 | G221: 2.5192979e-14 | H221: 2.8653482e-14 | I221: 3.0838106e-14 | J221: 3.2365512e-14 | K221: 3.32136e-14 | L221: 3.3561634e-14
B222: PROD | C222: IND02 | D222: SVK | E222: 9.4635051e-14 | F222: 1.0476441e-13 | G222: 1.1467353e-13 | H222: 1.0577339e-13 | I222: 1.1448428e-13 | J222: 1.2301202e-13 | K222: 1.3035828e-13 | L222: 1.3700797e-13
B223: PROD | C223: IND02 | D223: SVN | E223: 5.4730781e-14 | F223: 7.1175259e-14 | H223: 6.7543908e-14 | I223: 7.211709e-14 | J223: 7.5926114e-14 | K223: 7.8789479e-14 | L223: 8.1698244e-14
B224: PROD | C224: IND02 | D224: ESP | E224: 1.7419146e-15
B225: PROD | C225: IND02 | D225: SWE | E225: 2.9639869 | F225: 3.2625579 | G225: 3.4971057 | H225: 3.753165 | I225: 4.0671108 | J225: 4.398631 | K225: 4.7355277 | L225: 5.0737465
B226: PROD | C226: IND02 | D226: ROW | E226: 209.96145 | F226: 235.24435 | G226: 270.43862 | H226: 300.76866 | I226: 341.91334 | J226: 385.00637 | K226: 429.19443 | L226: 474.16914
B227: PROD | C227: IND03 | D227: AUT | E227: 0.00027286508 | F227: 0.00029723002 | G227: 0.0002904062 | H227: 0.00029631526 | I227: 0.00030202394 | J227: 0.00031806126 | K227: 0.00033391162 | L227: 0.00034895469
B228: PROD | C228: IND03 | D228: BEL | E228: 4.2943325e-15
B229: PROD | C229: IND03 | D229: BGR | E229: 0.00017658819 | F229: 0.0001922339 | G229: 0.00023062222 | H229: 0.00026727374 | I229: 0.00030090025 | J229: 0.00033242717 | K229: 0.00036194017 | L229: 0.0003907456
B230: PROD | C230: IND03 | D230: HRV | E230: 2.9541712e-15
B231: PROD | C231: IND03 | D231: CYP | E231: 0.00070397963 | F231: 0.0007650612 | G231: 0.00086312003 | H231: 0.00079587346 | I231: 0.00087774401 | J231: 0.00096296599 | K231: 0.0010510165 | L231: 0.0011416127
B232: PROD | C232: IND03 | D232: CZE | E232: 1.4215826e-15
B233: PROD | C233: IND03 | D233: DNK | E233: 0.00027994637 | F233: 0.00029872856 | G233: 0.00033169738 | H233: 0.00034979753 | I233: 0.00037319965 | J233: 0.00039612715 | K233: 0.00041937413 | L233: 0.00044340964
B234: PROD | C234: IND03 | D234: EST | E234: 0.00075071242 | F234: 0.00080937134 | G234: 0.00085439855 | H234: 0.00084243031 | I234: 0.00087509727 | J234: 0.00090613276 | K234: 0.00093250254 | L234: 0.00095181382
B235: PROD | C235: IND03 | D235: FIN | E235: 1.5974044e-15
B236: PROD | C236: IND03 | D236: FRA | E236: 1.5581064e-15
B237: PROD | C237: IND03 | D237: DEU | E237: 4.1135588e-15
B238: PROD | C238: IND03 | D238: GRC | E238: 0.075362529 | F238: 0.076004462 | G238: 0.10046892 | H238: 0.088047099 | I238: 0.094073088 | J238: 0.10176529 | K238: 0.10884446 | L238: 0.11508644
B239: PROD | C239: IND03 | D239: HUN | E239: 0.0023772363 | F239: 0.0025250233 | G239: 0.0027877247 | H239: 0.0028579616 | I239: 0.0030269175 | J239: 0.0031806676 | K239: 0.0033031102 | L239: 0.0034008726
B240: PROD | C240: IND03 | D240: IRL | E240: 2.4889804e-15
B241: PROD | C241: IND03 | D241: ITA | E241: 2.1169925e-15
B242: PROD | C242: IND03 | D242: LVA | E242: 0.00078056876 | F242: 0.00088456823 | G242: 0.00093965172 | H242: 0.00097085418 | I242: 0.0010269536 | J242: 0.001070268 | K242: 0.0010986222 | L242: 0.0011232559
B243: PROD | C243: IND03 | D243: LTU | E243: 2.1692009e-13 | F243: 2.4486114e-13 | G243: 2.6992814e-13 | H243: 2.9018122e-13 | I243: 3.084891e-13 | J243: 3.2048282e-13 | K243: 3.287006e-13 | L243: 3.3322012e-13
B244: PROD | C244: IND03 | D244: LUX | E244: 0.00051470296 | F244: 0.00064256023 | G244: 0.00063878085 | H244: 0.00068264312 | I244: 0.00072811385 | J244: 0.00076081676 | K244: 0.00078022407 | L244: 0.00079272599
B245: PROD | C245: IND03 | D245: MLT | E245: 0.00030608028 | F245: 0.00036023629 | G245: 0.00044577437 | H245: 0.00047873161 | I245: 0.00055592259 | J245: 0.00062667709 | K245: 0.0006920193 | L245: 0.00075342171
B246: PROD | C246: IND03 | D246: NLD | E246: 8.5935618e-15 | F246: 9.273075e-15 | G246: 8.9397262e-15 | H246: 9.4616654e-15 | I246: 9.4245397e-15 | J246: 9.4823662e-15 | K246: 9.4655494e-15 | L246: 9.449176e-15
B247: PROD | C247: IND03 | D247: POL | E247: 1.7502807e-15
B248: PROD | C248: IND03 | D248: PRT | E248: 0.00025730789 | F248: 0.00026847305 | G248: 0.00031256255 | H248: 0.0003068648 | I248: 0.0003336779 | J248: 0.00036166669 | K248: 0.00038911282 | L248: 0.00041621809
B249: PROD | C249: IND03 | D249: ROU | E249: 1.279785e-14 | F249: 1.592681e-14 | G249: 1.8017553e-14 | H249: 2.0180739e-14 | I249: 2.2563192e-14 | J249: 2.4962741e-14 | K249: 2.700196e-14 | L249: 2.8460669e-14
B250: PROD | C250: IND03 | D250: SVK | E250: 2.0153018e-14 | F250: 4.196979e-14 | G250: 4.2410836e-14 | H250: 3.6232618e-14 | I250: 3.7513079e-14 | J250: 3.8912601e-14 | K250: 3.9901534e-14 | L250: 4.0704858e-14
B251: PROD | C251: IND03 | D251: SVN | E251: 3.5250875e-14
B252: PROD | C252: IND03 | D252: ESP | E252: 1.0789571e-15
B253: PROD | C253: IND03 | D253: SWE | E253: 0.0007524313 | F253: 0.00079846914 | G253: 0.00077847267 | H253: 0.00080937282 | I253: 0.00082052434 | J253: 0.00082788056 | K253: 0.00083203583 | L253: 0.00083560149
B254: PROD | C254: IND03 | D254: ROW | E254: 15.768076 | F254: 17.54862 | G254: 20.243227 | H254: 22.670095 | I254: 25.683562 | J254: 28.852827 | K254: 32.105919 | L254: 35.416839
B255: PROD | C255: IND04 | D255: AUT | E255: 0.00013654938 | F255: 0.00014853635 | G255: 0.00014777472 | H255: 0.00015052274 | I255: 0.00015518133 | J255: 0.00016431919 | K255: 0.00017337424 | L255: 0.00018205064
B256: PROD | C256: IND04 | D256: BEL | E256: 3.2013842e-15
B257: PROD | C257: IND04 | D257: BGR | E257: 0.79664878 | F257: 0.88337146 | G257: 1.0245633 | H257: 1.1642336 | I257: 1.315772 | J257: 1.4717702 | K257: 1.6260401 | L257: 1.7773288
B258: PROD | C258: IND04 | D258: HRV | E258: 0.00024690481 | F258: 0.00025522031 | G258: 0.00029328391 | H258: 0.00029981475 | I258: 0.00031528379 | J258: 0.0003254184 | K258: 0.00033199493 | L258: 0.00033657817
B259: PROD | C259: IND04 | D259: CYP | E259: 0.0051359886 | F259: 0.0054115556 | G259: 0.0058954085 | H259: 0.0053820598 | I259: 0.0057839921 | J259: 0.0062257211 | K259: 0.006685387 | L259: 0.0071563821
B260: PROD | C260: IND04 | D260: CZE | E260: 0.00046604086 | F260: 0.00050292549 | G260: 0.00051908032 | H260: 0.00052923275 | I260: 0.00055307817 | J260: 0.00057766719 | K260: 0.00060095879 | L260: 0.00062295903
B261: PROD | C261: IND04 | D261: DNK | E261: 0.00058036632 | F261: 0.00061994843 | G261: 0.00070287044 | H261: 0.00074246454 | I261: 0.00080044095 | J261: 0.00086002745 | K261: 0.00092289921 | L261: 0.00098876083
B262: PROD | C262: IND04 | D262: EST | E262: 0.00080142037 | F262: 0.00086418377 | G262: 0.00091216773 | H262: 0.00089563866 | I262: 0.00093101183 | J262: 0.00096443108 | K262: 0.00099273663 | L262: 0.001013545
B263: PROD | C263: IND04 | D263: FIN | E263: 0.31387416 | F263: 0.33698079 | G263: 0.34392691 | H263: 0.34094636 | I263: 0.35646843 | J263: 0.37401238 | K263: 0.39181639 | L263: 0.40953162
B264: PROD | C264: IND04 | D264: FRA | E264: 1.7564805e-15
B265: PROD | C265: IND04 | D265: DEU | E265: 5.903424e-15
B266: PROD | C266: IND04 | D266: GRC | E266: 0.00016410215 | F266: 0.00017045522 | G266: 0.00020942061 | H266: 0.00017264936 | I266: 0.00018764854 | J266: 0.00020382471 | K266: 0.00022024473 | L266: 0.00023673616
B267: PROD | C267: IND04 | D267: HUN | E267: 0.00022098084 | F267: 0.00022989505 | G267: 0.0002576881 | H267: 0.00026491858 | I267: 0.00027751181 | J267: 0.00028657439 | K267: 0.00029215741 | L267: 0.00029572189
B268: PROD | C268: IND04 | D268: IRL | E268: 1.252759e-15
B269: PROD | C269: IND04 | D269: ITA | E269: 0.00032359614 | F269: 0.00033471455 | G269: 0.00035493597 | H269: 0.00036108765 | I269: 0.00037673197 | J269: 0.00039327208 | K269: 0.0004097431 | L269: 0.00042541183
B270: PROD | C270: IND04 | D270: LVA | E270: 0.00074149058 | F270: 0.00083951152 | G270: 0.00089265885 | H270: 0.0008898517 | I270: 0.00094173133 | J270: 0.00098214783 | K270: 0.001009084 | L270: 0.001032767
B271: PROD | C271: IND04 | D271: LTU | E271: 0.00063520107 | F271: 0.00073479932 | G271: 0.00080375685 | H271: 0.00091840994 | I271: 0.00097065945 | J271: 0.0010002718 | K271: 0.0010157189 | L271: 0.0010165096
B272: PROD | C272: IND04 | D272: LUX | E272: 0.00051733991 | F272: 0.00064302106 | G272: 0.00064443527 | H272: 0.00068494787 | I272: 0.00073227806 | J272: 0.0007668164 | K272: 0.0007881051 | L272: 0.00080223884
B273: PROD | C273: IND04 | D273: MLT | E273: 0.00027800984 | F273: 0.00032680884 | G273: 0.00040588609 | H273: 0.00044608414 | I273: 0.00051661516 | J273: 0.00057991895 | K273: 0.00063644561 | L273: 0.0006875727
B274: PROD | C274: IND04 | D274: NLD | E274: 6.3517992e-15 | J274: 9.0851319e-15 | K274: 9.2610414e-15 | L274: 9.6784225e-15
B275: PROD | C275: IND04 | D275: POL | E275: 1.3194576 | F275: 1.4419377 | G275: 1.6642756 | H275: 1.7426929 | I275: 1.8595016 | J275: 1.9464641 | K275: 2.0075348 | L275: 2.0454829
B276: PROD | C276: IND04 | D276: PRT | E276: 0.27984417 | F276: 0.29734033 | G276: 0.32470414 | H276: 0.32846951 | I276: 0.35101794 | J276: 0.37642146 | K276: 0.40166296 | L276: 0.42703313
B277: PROD | C277: IND04 | D277: ROU | E277: 0.042532855 | F277: 0.0464804 | G277: 0.055247216 | H277: 0.060104357 | I277: 0.065873656 | J277: 0.070627412 | K277: 0.074418424 | L277: 0.077583988
B278: PROD | C278: IND04 | D278: SVK | E278: 0.0012920898 | F278: 0.0014115261 | G278: 0.0015588202 | H278: 0.001458399 | I278: 0.0015817176 | J278: 0.0017039885 | K278: 0.0018122942 | L278: 0.0019114906
B279: PROD | C279: IND04 | D279: SVN | E279: 0.0035382606 | F279: 0.0037557136 | G279: 0.0043902727 | H279: 0.0042111387 | I279: 0.0045453085 | J279: 0.0048316751 | K279: 0.0050654005 | L279: 0.0052965163
B280: PROD | C280: IND04 | D280: ESP | E280: 2.4486547 | F280: 2.6427834 | G280: 3.0199941 | H280: 3.1472046 | I280: 3.4227274 | J280: 3.7345388 | K280: 4.0413297 | L280: 4.3484193
B281: PROD | C281: IND04 | D281: SWE | E281: 0.39575164 | F281: 0.42453471 | G281: 0.43251324 | H281: 0.45519802 | I281: 0.4781841 | J281: 0.49839474 | K281: 0.51684379 | L281: 0.53441941
B282: PROD | C282: IND04 | D282: ROW | E282: 82.704735 | F282: 91.851517 | G282: 106.35562 | H282: 119.25408 | I282: 135.28426 | J282: 152.23088 | K282: 169.60656 | L282: 187.2681
B283: PROD | C283: IND05 | D283: AUT | E283: 0.11683046 | F283: 0.12853959 | G283: 0.12242843 | H283: 0.12207184 | I283: 0.12506817 | J283: 0.13302718 | K283: 0.14122338 | L283: 0.14888602
B284: PROD | C284: IND05 | D284: BEL | E284: 0.96672144 | F284: 1.1262625 | G284: 1.0522282 | H284: 1.0239041 | I284: 1.0482754 | J284: 1.0839313 | K284: 1.123 | L284: 1.1674806
B285: PROD | C285: IND05 | D285: BGR | E285: 0.28345397 | F285: 0.31448708 | G285: 0.39123729 | H285: 0.44803508 | I285: 0.5120798 | J285: 0.57207412 | K285: 0.62797242 | L285: 0.68271976
...

Sheet MACRO_CHM_REC_INV_OIL
D2: 2017 | E2: 2020 | F2: 2025 | G2: 2030 | H2: 2035 | I2: 2040 | J2: 2045 | K2: 2050
B3: GDP | C3: AUT | D3: 417.26098 | E3: 442.97251 | F3: 467.51347 | G3: 508.83999 | H3: 541.34326 | I3: 574.08992 | J3: 607.35462 | K3: 639.51541
B4: GDP | C4: BEL | D4: 502.76157 | E4: 556.64599 | F4: 580.99139 | G4: 616.41421 | H4: 654.2083 | I4: 689.73789 | J4: 724.00622 | K4: 758.90515
B5: GDP | C5: BGR | D5: 59.198664 | E5: 63.359287 | F5: 74.739757 | G5: 84.185483 | H5: 93.671652 | I5: 102.07059 | J5: 109.86163 | K5: 117.55337
B6: GDP | C6: HRV | D6: 56.2129 | E6: 58.233848 | F6: 74.856948 | G6: 83.322209 | H6: 89.79241 | I6: 93.908247 | J6: 96.57844 | K6: 98.388614
B7: GDP | C7: CYP | D7: 22.870805 | E7: 23.497388 | F7: 30.976343 | G7: 34.974199 | H7: 39.468631 | I7: 43.853974 | J7: 48.229132 | K7: 52.652399
B8: GDP | C8: CZE | D8: 218.62702 | E8: 234.16188 | F8: 251.41996 | G8: 269.58275 | H8: 288.95374 | I8: 308.31685 | J8: 327.36477 | K8: 346.18696
B9: GDP | C9: DNK | D9: 332.11886 | E9: 348.32493 | F9: 395.02206 | G9: 418.6338 | H9: 444.01084 | I9: 470.40154 | J9: 499.35459 | K9: 530.04113
B10: GDP | C10: EST | D10: 26.923978 | E10: 29.562598 | F10: 31.57923 | G10: 36.63173 | H10: 40.111109 | I10: 42.65328 | J10: 44.381909 | K10: 45.720777
B11: GDP | C11: FIN | D11: 256.96811 | E11: 268.79947 | F11: 286.37294 | G11: 302.85338 | H11: 319.69091 | I11: 337.14358 | J11: 355.11326 | K11: 373.83429
B12: GDP | C12: FRA | D12: 2640.2479 | E12: 2749.9288 | F12: 2944.7745 | G12: 3153.5907 | H12: 3353.201 | I12: 3557.7499 | J12: 3767.4822 | K12: 3986.4911
B13: GDP | C13: DEU | D13: 3690.8157 | E13: 3870.7816 | F13: 4015.4807 | G13: 4182.3919 | H13: 4390.6367 | I13: 4638.7142 | J13: 4904.2306 | K13: 5161.408
B14: GDP | C14: GRC | D14: 199.8516 | E14: 198.93647 | F14: 237.70095 | G14: 252.81493 | H14: 270.65261 | I14: 290.79644 | J14: 310.94178 | K14: 330.68401
... B142: POP | C142: ROW | D142: 7066.0704 | E142: 7315.8962 | F142: 7659.6725 | G142: 8005.0339 | H142: 8325.6818 | I142: 8619.4883 | J142: 8880.1327 | K142: 9102.8315

Sheet SECTOR_CHM_REC_INV_OIL
E2: 2017 | F2: 2020 | G2: 2025 | H2: 2030 | I2: 2035 | J2: 2040 | K2: 2045 | L2: 2050
B3: PROD | C3: AGR01 | D3: AUT | E3: 11.943814 | F3: 12.655291 | G3: 13.913544 | H3: 14.621543 | I3: 15.567696 | J3: 16.554236 | K3: 17.538328 | L3: 18.523274
B4: PROD | C4: AGR01 | D4: BEL | E4: 11.867644 | F4: 13.384678 | G4: 15.130764 | H4: 16.190986 | I4: 17.608002 | J4: 18.981623 | K4: 20.340066 | L4: 21.719064
B5: PROD | C5: AGR01 | D5: BGR | E5: 5.6849417 | F5: 5.9629062 | G5: 6.7642825 | H5: 7.1681785 | I5: 7.8838227 | J5: 8.6061822 | K5: 9.2946675 | L5: 9.9305563
B6: PROD | C6: AGR01 | D6: HRV | E6: 3.524676 | F6: 3.466756 | G6: 4.1664908 | H6: 4.3314241 | I6: 4.5633483 | J6: 4.7143609 | K6: 4.8079592 | L6: 4.8646639
B7: PROD | C7: AGR01 | D7: CYP | E7: 0.95627791 | F7: 0.95130489 | G7: 1.1591208 | H7: 1.2113825 | I7: 1.3302048 | J7: 1.4543002 | K7: 1.5829753 | L7: 1.7163151
B8: PROD | C8: AGR01 | D8: CZE | E8: 8.7010166 | F8: 9.2380483 | G8: 10.642135 | H8: 11.435705 | I8: 12.428727 | J8: 13.395915 | K8: 14.360942 | L8: 15.334843
B9: PROD | C9: AGR01 | D9: DNK | E9: 12.63339 | F9: 13.004103 | G9: 15.210701 | H9: 15.79404 | I9: 16.938763 | J9: 18.121753 | K9: 19.393114 | L9: 20.769009
B10: PROD | C10: AGR01 | D10: EST | E10: 1.6875297 | F10: 1.9249808 | G10: 2.2440317 | H10: 2.38304 | I10: 2.6613241 | J10: 2.9023478 | K10: 3.1035157 | L10: 3.2754443
B11: PROD | C11: AGR01 | D11: FIN | E11: 10.941716 | F11: 11.543592 | G11: 12.646272 | H11: 13.042696 | I11: 13.874315 | J11: 14.686952 | K11: 15.502952 | L11: 16.346735
B12: PROD | C12: AGR01 | D12: FRA | E12: 76.553209 | F12: 79.219189 | G12: 87.005344 | H12: 90.365485 | I12: 96.137311 | J12: 102.03595 | K12: 108.09467 | L12: 114.37274
B13: PROD | C13: AGR01 | D13: DEU | E13: 64.794826 | F13: 67.351723 | G13: 72.000369 | H13: 76.561356 | I13: 79.880386 | J13: 83.312133 | K13: 86.912312 | L13: 90.586246
B14: PROD | C14: AGR01 | D14: GRC | E14: 22.220988 | F14: 20.825087 | G14: 22.795879 | H14: 23.847957 | I14: 24.690461 | J14: 25.652763 | K14: 26.652441 | L14: 27.662987
... B199: PROD | C199: IND02 | D199: AUT | E199: 0.26673722 | F199: 0.2915694 | G199: 0.29846543 | H199: 0.33486011 | I199: 0.34842626 | J199: 0.37138048 | K199: 0.3937725 | L199: 0.41500806
B200: PROD | C200: IND02 | D200: BEL | E200: 6.8625745e-15
B201: PROD | C201: IND02 | D201: BGR | E201: 0.0001203172 | F201: 0.00012960543 | G201: 0.00015320916 | H201: 0.00017110646 | I201: 0.00019065473 | J201: 0.00020860519 | K201: 0.00022517276 | L201: 0.00024117953
B202: PROD | C202: IND02 | D202: HRV | E202: 4.3792288e-15
B203: PROD | C203: IND02 | D203: CYP | E203: 0.00062859867 | F203: 0.00063707856 | G203: 0.00071372203 | H203: 0.00071844489 | I203: 0.00075376925 | J203: 0.0007952863 | K203: 0.00083814175 | L203: 0.00088205866
B204: PROD | C204: IND02 | D204: CZE | E204: 3.1416623e-15
B205: PROD | C205: IND02 | D205: DNK | E205: 1.1464409e-14 | F205: 1.2008501e-14 | G205: 1.3136115e-14 | H205: 1.4821609e-14 | I205: 1.4881967e-14 | J205: 1.499637e-14 | K205: 1.5181391e-14 | L205: 1.5472955e-14
B206: PROD | C206: IND02 | D206: EST | E206: 0.0011027514 | F206: 0.0011099329 | G206: 0.0010842909 | H206: 0.0010916429 | I206: 0.00099703997 | J206: 0.00092934713 | K206: 0.00087525159 | L206: 0.00082512047
B207: PROD | C207: IND02 | D207: FIN | E207: 4.1400382e-15
B208: PROD | C208: IND02 | D208: FRA | E208: 3.5522718e-15
B209: PROD | C209: IND02 | D209: DEU | E209: 6.0971607e-15
B210: PROD | C210: IND02 | D210: GRC | E210: 0.12277949 | F210: 0.12615719 | G210: 0.16522511 | H210: 0.11695496 | I210: 0.12718462 | J210: 0.13879142 | K210: 0.15038876 | L210: 0.16177402
B211: PROD | C211: IND02 | D211: HUN | E211: 2.7997785e-15
B212: PROD | C212: IND02 | D212: IRL | E212: 0.00032003812 | F212: 0.0003426925 | G212: 0.00038891831 | H212: 0.00043309959 | I212: 0.00044782475 | J212: 0.00047161718 | K212: 0.0005036598 | L212: 0.00053667932
B213: PROD | C213: IND02 | D213: ITA | E213: 5.6936341e-15
B214: PROD | C214: IND02 | D214: LVA | E214: 0.0011365303 | F214: 0.0013274124 | G214: 0.0014185582 | H214: 0.0015982545 | I214: 0.0016923669 | J214: 0.0017631842 | K214: 0.0018018884 | L214: 0.0018271309
B215: PROD | C215: IND02 | D215: LTU | E215: 0.0017745435 | F215: 0.0020788956 | G215: 0.0023305141 | H215: 0.0029039691 | I215: 0.0031582463 | J215: 0.0033446012 | K215: 0.0034502502 | L215: 0.0034735714
B216: PROD | C216: IND02 | D216: LUX | E216: 0.00057439647 | F216: 0.00071775907 | G216: 0.00071085771 | H216: 0.00076245689 | I216: 0.00081202022 | J216: 0.00084730391 | K216: 0.00086760808 | L216: 0.00088025042
B217: PROD | C217: IND02 | D217: MLT | E217: 0.00058422113 | F217: 0.00070217922 | G217: 0.00089945005 | H217: 0.0012368692 | I217: 0.0014372033 | J217: 0.0016296235 | K217: 0.001801049 | L217: 0.0019516284
B218: PROD | C218: IND02 | D218: NLD | E218: 9.1154626e-15 | F218: 9.6009688e-15 | G218: 9.8863418e-15 | H218: 2.1160107e-14 | I218: 2.2300497e-14 | J218: 2.3424573e-14 | K218: 2.4663719e-14 | L218: 2.5658465e-14
B219: PROD | C219: IND02 | D219: POL | E219: 3.7645875e-15
B220: PROD | C220: IND02 | D220: PRT | E220: 3.9596e-15
B221: PROD | C221: IND02 | D221: ROU | E221: 1.7588236e-14 | F221: 2.0921665e-14 | G221: 2.5202412e-14 | H221: 2.8652215e-14 | I221: 3.0836888e-14 | J221: 3.2360933e-14 | K221: 3.321445e-14 | L221: 3.356124e-14
B222: PROD | C222: IND02 | D222: SVK | E222: 9.4635051e-14 | F222: 1.0476441e-13 | G222: 1.1469642e-13 | H222: 1.057856e-13 | I222: 1.1446319e-13 | J222: 1.2300704e-13 | K222: 1.3033506e-13 | L222: 1.3697658e-13
B223: PROD | C223: IND02 | D223: SVN | E223: 5.4730781e-14 | F223: 7.1175259e-14 | G223: 8.3007167e-14 | H223: 6.7545308e-14 | I223: 7.2119768e-14 | J223: 7.5927875e-14 | K223: 7.8791373e-14 | L223: 8.1700182e-14
B224: PROD | C224: IND02 | D224: ESP | E224: 1.7419146e-15
B225: PROD | C225: IND02 | D225: SWE | E225: 2.9639869 | F225: 3.2625579 | G225: 3.4969738 | H225: 3.7534396 | I225: 4.0674124 | J225: 4.3989562 | K225: 4.7358727 | L225: 5.0741069
B226: PROD | C226: IND02 | D226: ROW | E226: 209.96145 | F226: 235.24435 | G226: 270.44879 | H226: 300.76822 | I226: 341.91278 | J226: 385.00566 | K226: 429.19356 | L226: 474.16817
B227: PROD | C227: IND03 | D227: AUT | E227: 0.00027286508 | F227: 0.00029723002 | G227: 0.00029036285 | H227: 0.00029632012 | I227: 0.00030203207 | J227: 0.00031807216 | K227: 0.00033392477 | L227: 0.00034896965
B228: PROD | C228: IND03 | D228: BEL | E228: 4.2943325e-15
B229: PROD | C229: IND03 | D229: BGR | E229: 0.00017658819 | F229: 0.0001922339 | G229: 0.00023062853 | H229: 0.00026726665 | I229: 0.00030089477 | J229: 0.00033242275 | K229: 0.00036193673 | L229: 0.0003907431
B230: PROD | C230: IND03 | D230: HRV | E230: 2.9541712e-15
B231: PROD | C231: IND03 | D231: CYP | E231: 0.00070397963 | F231: 0.0007650612 | G231: 0.00086312116 | H231: 0.00079587389 | I231: 0.00087774612 | J231: 0.00096296946 | K231: 0.0010510212 | L231: 0.0011416185
B232: PROD | C232: IND03 | D232: CZE | E232: 1.4215826e-15
B233: PROD | C233: IND03 | D233: DNK | E233: 0.00027994637 | F233: 0.00029872856 | G233: 0.00033171652 | H233: 0.00034979695 | I233: 0.00037320002 | J233: 0.00039612824 | K233: 0.00041937583 | L233: 0.00044341187
B234: PROD | C234: IND03 | D234: EST | E234: 0.00075071242 | F234: 0.00080937134 | G234: 0.00085438091 | H234: 0.00084242482 | I234: 0.00087509514 | J234: 0.00090613284 | K234: 0.00093250424 | L234: 0.0009518168
B235: PROD | C235: IND03 | D235: FIN | E235: 1.5974044e-15
B236: PROD | C236: IND03 | D236: FRA | E236: 1.5581064e-15
B237: PROD | C237: IND03 | D237: DEU | E237: 4.1135588e-15
B238: PROD | C238: IND03 | D238: GRC | E238: 0.075362529 | F238: 0.076004462 | G238: 0.10047151 | H238: 0.088047597 | I238: 0.094073838 | J238: 0.10176625 | K238: 0.1088456 | L238: 0.11508773
B239: PROD | C239: IND03 | D239: HUN | E239: 0.0023772363 | F239: 0.0025250233 | G239: 0.0027876377 | H239: 0.0028578586 | I239: 0.0030268424 | J239: 0.0031806155 | K239: 0.0033030776 | L239: 0.0034008567
B240: PROD | C240: IND03 | D240: IRL | E240: 2.4889804e-15
B241: PROD | C241: IND03 | D241: ITA | E241: 2.1169925e-15
B242: PROD | C242: IND03 | D242: LVA | E242: 0.00078056876 | F242: 0.00088456823 | G242: 0.00093970211 | H242: 0.00097084051 | I242: 0.0010269457 | J242: 0.0010702642 | K242: 0.0010986218 | L242: 0.0011232581
B243: PROD | C243: IND03 | D243: LTU | E243: 2.1692009e-13 | F243: 2.4486114e-13 | G243: 2.699337e-13 | H243: 2.9013028e-13 | I243: 3.084371e-13 | J243: 3.2048391e-13 | K243: 3.2870281e-13 | L243: 3.332909e-13
B244: PROD | C244: IND03 | D244: LUX | E244: 0.00051470296 | F244: 0.00064256023 | G244: 0.00063873861 | H244: 0.00068267756 | I244: 0.000728156 | J244: 0.0007608631 | K244: 0.00078027219 | L244: 0.00079277442
B245: PROD | C245: IND03 | D245: MLT | E245: 0.00030608028 | F245: 0.00036023629 | G245: 0.00044578021 | H245: 0.00047872648 | I245: 0.00055591831 | J245: 0.00062667336 | K245: 0.00069201607 | L245: 0.00075341888
B246: PROD | C246: IND03 | D246: NLD | E246: 8.5935618e-15 | F246: 9.273075e-15 | G246: 8.93886e-15 | H246: 9.4620699e-15 | I246: 9.4465697e-15 | J246: 9.4611445e-15 | K246: 9.4877783e-15 | L246: 9.4496715e-15
B247: PROD | C247: IND03 | D247: POL | E247: 1.7502807e-15
B248: PROD | C248: IND03 | D248: PRT | E248: 0.00025730789 | F248: 0.00026847305 | G248: 0.00031256801 | H248: 0.00030686081 | I248: 0.00033367449 | J248: 0.00036166377 | K248: 0.00038911039 | L248: 0.00041621612
B249: PROD | C249: IND03 | D249: ROU | E249: 1.279785e-14 | F249: 1.592681e-14 | G249: 1.8018388e-14 | H249: 2.017985e-14 | I249: 2.2562459e-14 | J249: 2.495891e-14 | K249: 2.7002992e-14 | L249: 2.8460859e-14
B250: PROD | C250: IND03 | D250: SVK | E250: 2.0153018e-14 | F250: 4.196979e-14 | G250: 4.2402599e-14 | H250: 3.6232443e-14 | I250: 3.7513718e-14 | J250: 3.8913239e-14 | K250: 3.9902479e-14 | L250: 4.0706463e-14
B251: PROD | C251: IND03 | D251: SVN | E251: 3.5250875e-14
B252: PROD | C252: IND03 | D252: ESP | E252: 1.0789571e-15
B253: PROD | C253: IND03 | D253: SWE | E253: 0.0007524313 | F253: 0.00079846914 | G253: 0.00077843504 | H253: 0.00080938621 | I253: 0.000820545 | J253: 0.00082790623 | K253: 0.00083206483 | L253: 0.00083563266
B254: PROD | C254: IND03 | D254: ROW | E254: 15.768076 | F254: 17.54862 | G254: 20.244198 | H254: 22.670114 | I254: 25.683578 | J254: 28.852835 | K254: 32.10592 | L254: 35.416835
B255: PROD | C255: IND04 | D255: AUT | E255: 0.00013654938 | F255: 0.00014853635 | G255: 0.00014775704 | H255: 0.00015052475 | I255: 0.00015518473 | J255: 0.00016432385 | K255: 0.0001733799 | L255: 0.00018205711
B256: PROD | C256: IND04 | D256: BEL | E256: 3.2013842e-15
B257: PROD | C257: IND04 | D257: BGR | E257: 0.79664878 | F257: 0.88337146 | G257: 1.0245636 | H257: 1.1642275 | I257: 1.3157719 | J257: 1.4717752 | K257: 1.6260497 | L257: 1.7773425
B258: PROD | C258: IND04 | D258: HRV | E258: 0.00024690481 | F258: 0.00025522031 | G258: 0.0002932798 | H258: 0.0002998149 | I258: 0.00031528507 | J258: 0.00032542047 | K258: 0.00033199759 | L258: 0.00033658121
B259: PROD | C259: IND04 | D259: CYP | E259: 0.0051359886 | F259: 0.0054115556 | G259: 0.0058954476 | H259: 0.0053820696 | I259: 0.0057840141 | J259: 0.006225753 | K259: 0.0066854278 | L259: 0.007156431
B260: PROD | C260: IND04 | D260: CZE | E260: 0.00046604086 | F260: 0.00050292549 | G260: 0.00051905427 | H260: 0.00052923554 | I260: 0.00055308485 | J260: 0.0005776768 | K260: 0.00060097078 | L260: 0.0006229728
B261: PROD | C261: IND04 | D261: DNK | E261: 0.00058036632 | F261: 0.00061994843 | G261: 0.00070292759 | H261: 0.00074246169 | I261: 0.00080043852 | J261: 0.00086002519 | K261: 0.00092289712 | L261: 0.00098875889
B262: PROD | C262: IND04 | D262: EST | E262: 0.00080142037 | F262: 0.00086418377 | G262: 0.00091214994 | H262: 0.00089563289 | I262: 0.00093100943 | J262: 0.00096443113 | K262: 0.0009927384 | L262: 0.001013548
B263: PROD | C263: IND04 | D263: FIN | E263: 0.31387416 | F263: 0.33698079 | G263: 0.34391985 | H263: 0.34096764 | I263: 0.35649184 | J263: 0.37403764 | K263: 0.39184314 | L263: 0.40955949
B264: PROD | C264: IND04 | D264: FRA | E264: 1.7564805e-15
B265: PROD | C265: IND04 | D265: DEU | E265: 5.903424e-15
B266: PROD | C266: IND04 | D266: GRC | E266: 0.00016410215 | F266: 0.00017045522 | G266: 0.00020942251 | H266: 0.00017264841 | I266: 0.00018764779 | J266: 0.00020382408 | K266: 0.0002202443 | L266: 0.00023673591
B267: PROD | C267: IND04 | D267: HUN | E267: 0.00022098084 | F267: 0.00022989505 | G267: 0.00025769225 | H267: 0.00026490965 | I267: 0.00027750494 | J267: 0.00028656918 | K267: 0.00029215366 | L267: 0.00029571926
B268: PROD | C268: IND04 | D268: IRL | E268: 1.252759e-15
B269: PROD | C269: IND04 | D269: ITA | E269: 0.00032359614 | F269: 0.00033471455 | G269: 0.00035495124 | H269: 0.00036108651 | I269: 0.00037673213 | J269: 0.00039327334 | K269: 0.00040974535 | L269: 0.00042541498
B270: PROD | C270: IND04 | D270: LVA | E270: 0.00074149058 | F270: 0.00083951152 | G270: 0.00089270951 | H270: 0.00088983867 | I270: 0.00094172335 | J270: 0.00098214358 | K270: 0.0010090827 | L270: 0.0010327681
B271: PROD | C271: IND04 | D271: LTU | E271: 0.00063520107 | F271: 0.00073479932 | G271: 0.00080379436 | H271: 0.00091837843 | I271: 0.00097063416 | J271: 0.001000252 | K271: 0.0010157037 | L271: 0.0010164985
B272: PROD | C272: IND04 | D272: LUX | E272: 0.00051733991 | F272: 0.00064302106 | G272: 0.00064440556 | H272: 0.0006849825 | I272: 0.00073231988 | J272: 0.00076686243 | K272: 0.00078815304 | L272: 0.00080228713
B273: PROD | C273: IND04 | D273: MLT | E273: 0.00027800984 | F273: 0.00032680884 | G273: 0.00040589195 | H273: 0.00044607839 | I273: 0.00051661011 | J273: 0.00057991432 | K273: 0.00063644132 | L273: 0.00068756876
B274: PROD | C274: IND04 | D274: NLD | E274: 6.3517992e-15 | J274: 8.8146902e-15 | K274: 9.2612433e-15 | L274: 9.6786368e-15
B275: PROD | C275: IND04 | D275: POL | E275: 1.3194576 | F275: 1.4419377 | G275: 1.6642458 | H275: 1.7426948 | I275: 1.8595155 | J275: 1.9464857 | K275: 2.0075613 | L275: 2.0455125
B276: PROD | C276: IND04 | D276: PRT | E276: 0.27984417 | F276: 0.29734033 | G276: 0.32469728 | H276: 0.32848477 | I276: 0.35103483 | J276: 0.37643985 | K276: 0.40168258 | L276: 0.42705373
B277: PROD | C277: IND04 | D277: ROU | E277: 0.042532855 | F277: 0.0464804 | G277: 0.055245931 | H277: 0.060103731 | I277: 0.065873295 | J277: 0.070627281 | K277: 0.074418491 | L277: 0.07758422
B278: PROD | C278: IND04 | D278: SVK | E278: 0.0012920898 | F278: 0.0014115261 | G278: 0.0015589155 | H278: 0.0014583462 | I278: 0.0015816731 | J278: 0.0017039507 | K278: 0.0018122627 | L278: 0.0019114652
B279: PROD | C279: IND04 | D279: SVN | E279: 0.0035382606 | F279: 0.0037557136 | G279: 0.0043904658 | H279: 0.0042111732 | I279: 0.0045453565 | J279: 0.004831733 | K279: 0.0050654653 | L279: 0.0052965861
B280: PROD | C280: IND04 | D280: ESP | E280: 2.4486547 | F280: 2.6427834 | G280: 3.0200731 | H280: 3.1471904 | I280: 3.4227327 | J280: 3.7345609 | K280: 4.0413669 | L280: 4.3484705
B281: PROD | C281: IND04 | D281: SWE | E281: 0.39575164 | F281: 0.42453471 | G281: 0.43251569 | H281: 0.45522528 | I281: 0.47821489 | J281: 0.49842788 | K281: 0.51687844 | L281: 0.53445496
B282: PROD | C282: IND04 | D282: ROW | E282: 82.704735 | F282: 91.851517 | G282: 106.36051 | H282: 119.25424 | I282: 135.28438 | J282: 152.23095 | K282: 169.60658 | L282: 187.26808
B283: PROD | C283: IND05 | D283: AUT | E283: 0.11683046 | F283: 0.12853959 | G283: 0.12241077 | H283: 0.12207615 | I283: 0.12507363 | J283: 0.13303381 | K283: 0.14123101 | L283: 0.14889444
B284: PROD | C284: IND05 | D284: BEL | E284: 0.96672144 | F284: 1.1262625 | G284: 1.0522581 | H284: 1.0239357 | I284: 1.0483103 | J284: 1.0839683 | K284: 1.1230381 | L284: 1.1675195
B285: PROD | C285: IND05 | D285: BGR | E285: 0.28345397 | F285: 0.31448708 | G285: 0.39123928 | H285: 0.44802437 | I285: 0.5120712 | J285: 0.57206763 | K285: 0.62796793 | L285: 0.68271712
...

Sheet MACRO_BASE_OIL
D2: 2017 | E2: 2020 | F2: 2025 | G2: 2030 | H2: 2035 | I2: 2040 | J2: 2045 | K2: 2050
B3: GDP | C3: AUT | D3: 417.26098 | E3: 442.97251 | F3: 467.51373 | G3: 508.85126 | H3: 541.35771 | I3: 574.10741 | J3: 607.37499 | K3: 639.53849
B4: GDP | C4: BEL | D4: 502.76157 | E4: 556.64599 | F4: 580.98964 | G4: 616.43073 | H4: 654.22073 | I4: 689.74738 | J4: 724.01381 | K4: 758.91184
B5: GDP | C5: BGR | D5: 59.198664 | E5: 63.359287 | F5: 74.739607 | G5: 84.186637 | H5: 93.673333 | I5: 102.07277 | J5: 109.86428 | K5: 117.55648
B6: GDP | C6: HRV | D6: 56.2129 | E6: 58.233848 | F6: 74.856953 | G6: 83.32313 | H6: 89.793779 | I6: 93.909965 | J6: 96.580429 | K6: 98.390819
B7: GDP | C7: CYP | D7: 22.870805 | E7: 23.497388 | F7: 30.976297 | G7: 34.974353 | H7: 39.468932 | I7: 43.854414 | J7: 48.229698 | K7: 52.653077
B8: GDP | C8: CZE | D8: 218.62702 | E8: 234.16188 | F8: 251.42007 | G8: 269.58932 | H8: 288.96284 | I8: 308.32817 | J8: 327.37815 | K8: 346.20228
B9: GDP | C9: DNK | D9: 332.11886 | E9: 348.32493 | F9: 395.02289 | G9: 418.63815 | H9: 444.01652 | I9: 470.40832 | J9: 499.36233 | K9: 530.04975
B10: GDP | C10: EST | D10: 26.923978 | E10: 29.562598 | F10: 31.579197 | G10: 36.632039 | H10: 40.111611 | I10: 42.653947 | J10: 44.382715 | K10: 45.721699
B11: GDP | C11: FIN | D11: 256.96811 | E11: 268.79947 | F11: 286.37282 | G11: 302.85599 | H11: 319.69437 | I11: 337.14786 | J11: 355.11838 | K11: 373.84024
B12: GDP | C12: FRA | D12: 2640.2479 | E12: 2749.9288 | F12: 2944.768 | G12: 3153.6287 | H12: 3353.2408 | I12: 3557.7929 | J12: 3767.5296 | K12: 3986.544
B13: GDP | C13: DEU | D13: 3690.8157 | E13: 3870.7816 | F13: 4015.3022 | G13: 4181.3923 | H13: 4389.746 | I13: 4637.9307 | J13: 4903.5455 | K13: 5160.8084
B14: GDP | C14: GRC | D14: 199.8516 | E14: 198.93647 | F14: 237.70066 | G14: 252.81668 | H14: 270.65526 | I14: 290.79992 | J14: 310.94602 | K14: 330.68894
... B142: POP | C142: ROW | D142: 7066.0704 | E142: 7315.8962 | F142: 7659.6725 | G142: 8005.0339 | H142: 8325.6818 | I142: 8619.4883 | J142: 8880.1327 | K142: 9102.8315

Sheet SECTOR_BASE_OIL
E2: 2017 | F2: 2020 | G2: 2025 | H2: 2030 | I2: 2035 | J2: 2040 | K2: 2045 | L2: 2050
B3: PROD | C3: AGR01 | D3: AUT | E3: 11.943814 | F3: 12.655291 | G3: 13.914252 | H3: 14.620271 | I3: 15.566649 | J3: 16.553418 | K3: 17.537738 | L3: 18.522891
B4: PROD | C4: AGR01 | D4: BEL | E4: 11.867644 | F4: 13.384678 | G4: 15.131091 | H4: 16.185978 | I4: 17.60305 | J4: 18.97685 | K4: 20.335528 | L4: 21.714759
B5: PROD | C5: AGR01 | D5: BGR | E5: 5.6849417 | F5: 5.9629062 | G5: 6.7647351 | H5: 7.1682241 | I5: 7.8839671 | J5: 8.6064414 | K5: 9.2950409 | L5: 9.9310302
B6: PROD | C6: AGR01 | D6: HRV | E6: 3.524676 | F6: 3.466756 | G6: 4.1666172 | H6: 4.3315068 | I6: 4.5634505 | J6: 4.7144772 | K6: 4.8080844 | L6: 4.864794
B7: PROD | C7: AGR01 | D7: CYP | E7: 0.95627791 | F7: 0.95130489 | G7: 1.1591414 | H7: 1.2113979 | I7: 1.330227 | J7: 1.454328 | K7: 1.5830078 | L7: 1.7163516
B8: PROD | C8: AGR01 | D8: CZE | E8: 8.7010166 | F8: 9.2380483 | G8: 10.64278 | H8: 11.434753 | I8: 12.427917 | J8: 13.395278 | K8: 14.360478 | L8: 15.334534
B9: PROD | C9: AGR01 | D9: DNK | E9: 12.63339 | F9: 13.004103 | G9: 15.210733 | H9: 15.79265 | I9: 16.937507 | J9: 18.120674 | K9: 19.392215 | L9: 20.768274
B10: PROD | C10: AGR01 | D10: EST | E10: 1.6875297 | F10: 1.9249808 | G10: 2.2440892 | H10: 2.3830512 | I10: 2.6613596 | J10: 2.9024073 | K10: 3.1035962 | L10: 3.2755422
B11: PROD | C11: AGR01 | D11: FIN | E11: 10.941716 | F11: 11.543592 | G11: 12.646665 | H11: 13.042608 | I11: 13.874327 | J11: 14.687076 | K11: 15.503187 | L11: 16.347074
B12: PROD | C12: AGR01 | D12: FRA | E12: 76.553209 | F12: 79.219189 | G12: 87.00756 | H12: 90.361102 | I12: 96.133342 | J12: 102.03255 | K12: 108.09189 | L12: 114.37055
B13: PROD | C13: AGR01 | D13: DEU | E13: 64.794826 | F13: 67.351723 | G13: 72.033566 | H13: 76.610733 | I13: 79.931178 | J13: 83.362242 | K13: 86.961021 | L13: 90.633802
B14: PROD | C14: AGR01 | D14: GRC | E14: 22.220988 | F14: 20.825087 | G14: 22.796151 | H14: 23.847908 | I14: 24.690542 | J14: 25.65297 | K14: 26.652765 | L14: 27.663416
... B199: PROD | C199: IND02 | D199: AUT | E199: 0.26673722 | F199: 0.2915694 | G199: 0.2984821 | H199: 0.33486739 | I199: 0.34844238 | J199: 0.37140417 | K199: 0.39380295 | L199: 0.41504468
B200: PROD | C200: IND02 | D200: BEL | E200: 6.8625745e-15
B201: PROD | C201: IND02 | D201: BGR | E201: 0.0001203172 | F201: 0.00012960543 | G201: 0.00015320685 | H201: 0.00017114421 | I201: 0.00019069451 | J201: 0.00020864507 | K201: 0.00022521242 | L201: 0.0002412189
B202: PROD | C202: IND02 | D202: HRV | E202: 4.3792288e-15
B203: PROD | C203: IND02 | D203: CYP | E203: 0.00062859867 | F203: 0.00063707856 | G203: 0.00071366939 | H203: 0.00071836872 | I203: 0.00075369983 | J203: 0.00079522087 | K203: 0.00083807973 | L203: 0.00088199979
B204: PROD | C204: IND02 | D204: CZE | E204: 3.1416623e-15
B205: PROD | C205: IND02 | D205: DNK | E205: 1.1464409e-14 | F205: 1.2008501e-14 | G205: 1.3135175e-14 | H205: 1.4820658e-14 | I205: 1.4880685e-14 | J205: 1.4986602e-14 | K205: 1.5180393e-14 | L205: 1.5410975e-14
B206: PROD | C206: IND02 | D206: EST | E206: 0.0011027514 | F206: 0.0011099329 | G206: 0.0010842532 | H206: 0.001091534 | I206: 0.0009969614 | J206: 0.00092929081 | K206: 0.0008752116 | L206: 0.00082509311
B207: PROD | C207: IND02 | D207: FIN | E207: 4.1400382e-15
B208: PROD | C208: IND02 | D208: FRA | E208: 3.5522718e-15
B209: PROD | C209: IND02 | D209: DEU | E209: 6.0971607e-15
B210: PROD | C210: IND02 | D210: GRC | E210: 0.12277949 | F210: 0.12615719 | G210: 0.16522109 | H210: 0.11695527 | I210: 0.12718539 | J210: 0.13879263 | K210: 0.15039042 | L210: 0.16177614
B211: PROD | C211: IND02 | D211: HUN | E211: 2.7997785e-15
B212: PROD | C212: IND02 | D212: IRL | E212: 0.00032003812 | F212: 0.0003426925 | G212: 0.00038892153 | H212: 0.00043304672 | I212: 0.00044777826 | J212: 0.00047157289 | K212: 0.00050361727 | L212: 0.00053663833
B213: PROD | C213: IND02 | D213: ITA | E213: 5.6936341e-15 | L213: 8.2673182e-15
B214: PROD | C214: IND02 | D214: LVA | E214: 0.0011365303 | F214: 0.0013274124 | G214: 0.0014184472 | H214: 0.0015979648 | I214: 0.001692119 | J214: 0.0017629794 | K214: 0.0018017284 | L214: 0.0018270106
B215: PROD | C215: IND02 | D215: LTU | E215: 0.0017745435 | F215: 0.0020788956 | G215: 0.0023303734 | H215: 0.0029033134 | I215: 0.0031576687 | J215: 0.0033441323 | K215: 0.0034498984 | L215: 0.0034733283
B216: PROD | C216: IND02 | D216: LUX | E216: 0.00057439647 | F216: 0.00071775907 | G216: 0.00071090967 | H216: 0.00076251369 | I216: 0.00081209029 | J216: 0.00084737939 | K216: 0.00086768291 | L216: 0.00088032203
B217: PROD | C217: IND02 | D217: MLT | E217: 0.00058422113 | F217: 0.00070217922 | G217: 0.00089944952 | H217: 0.0012368478 | I217: 0.0014371917 | J217: 0.0016296222 | K217: 0.0018010589 | L217: 0.0019516501
B218: PROD | C218: IND02 | D218: NLD | E218: 9.1154626e-15 | F218: 9.6009688e-15 | G218: 9.8541597e-15 | H218: 2.1318313e-14 | I218: 2.2288835e-14 | J218: 2.3381838e-14 | K218: 2.466336e-14 | L218: 2.5653665e-14
B219: PROD | C219: IND02 | D219: POL | E219: 3.7645875e-15
B220: PROD | C220: IND02 | D220: PRT | E220: 3.9596e-15
B221: PROD | C221: IND02 | D221: ROU | E221: 1.7588236e-14 | F221: 2.0921665e-14 | G221: 2.5192979e-14 | H221: 2.8653319e-14 | I221: 3.0838508e-14 | J221: 3.2367068e-14 | K221: 3.3222083e-14 | L221: 3.3576945e-14
B222: PROD | C222: IND02 | D222: SVK | E222: 9.4635051e-14 | F222: 1.0476441e-13 | G222: 1.1467353e-13 | H222: 1.0575045e-13 | I222: 1.1446446e-13 | J222: 1.2299619e-13 | K222: 1.303481e-13 | L222: 1.3698165e-13
B223: PROD | C223: IND02 | D223: SVN | E223: 5.4730781e-14 | F223: 7.1175259e-14 | H223: 6.7557758e-14 | I223: 7.2132438e-14 | J223: 7.5942988e-14 | K223: 7.8807388e-14 | L223: 8.1717309e-14
B224: PROD | C224: IND02 | D224: ESP | E224: 1.7419146e-15
B225: PROD | C225: IND02 | D225: SWE | E225: 2.9639869 | F225: 3.2625579 | G225: 3.4971057 | H225: 3.753701 | I225: 4.0677298 | J225: 4.399319 | K225: 4.7362745 | L225: 5.0745443
B226: PROD | C226: IND02 | D226: ROW | E226: 209.96145 | F226: 235.24435 | G226: 270.43862 | H226: 300.76014 | I226: 341.90442 | J226: 384.99712 | K226: 429.18495 | L226: 474.15952
B227: PROD | C227: IND03 | D227: AUT | E227: 0.00027286508 | F227: 0.00029723002 | G227: 0.0002904062 | H227: 0.00029636877 | I227: 0.00030208637 | J227: 0.00031813214 | K227: 0.00033398953 | L227: 0.00034903836
B228: PROD | C228: IND03 | D228: BEL | E228: 4.2943325e-15
B229: PROD | C229: IND03 | D229: BGR | E229: 0.00017658819 | F229: 0.0001922339 | G229: 0.00023062222 | H229: 0.00026732722 | I229: 0.00030095812 | J229: 0.00033248745 | K229: 0.00036200176 | L229: 0.00039080831
B230: PROD | C230: IND03 | D230: HRV | E230: 2.9541712e-15
B231: PROD | C231: IND03 | D231: CYP | E231: 0.00070397963 | F231: 0.0007650612 | G231: 0.00086312003 | H231: 0.00079587628 | I231: 0.00087775 | J231: 0.00096297403 | K231: 0.0010510265 | L231: 0.0011416243
B232: PROD | C232: IND03 | D232: CZE | E232: 1.4215826e-15
B233: PROD | C233: IND03 | D233: DNK | E233: 0.00027994637 | F233: 0.00029872856 | G233: 0.00033169738 | H233: 0.00034977585 | I233: 0.0003731817 | J233: 0.00039611334 | K233: 0.00041936446 | L233: 0.00044340373
B234: PROD | C234: IND03 | D234: EST | E234: 0.00075071242 | F234: 0.00080937134 | G234: 0.00085439855 | H234: 0.00084242825 | I234: 0.00087510739 | J234: 0.00090615213 | K234: 0.00093252922 | L234: 0.00095184613
B235: PROD | C235: IND03 | D235: FIN | E235: 1.5974044e-15
B236: PROD | C236: IND03 | D236: FRA | E236: 1.5581064e-15
B237: PROD | C237: IND03 | D237: DEU | E237: 4.1135588e-15
B238: PROD | C238: IND03 | D238: GRC | E238: 0.075362529 | F238: 0.076004462 | G238: 0.10046892 | H238: 0.088048176 | I238: 0.09407519 | J238: 0.10176837 | K238: 0.10884848 | L238: 0.11509133
B239: PROD | C239: IND03 | D239: HUN | E239: 0.0023772363 | F239: 0.0025250233 | G239: 0.0027877247 | H239: 0.0028576538 | I239: 0.0030267159 | J239: 0.0031805781 | K239: 0.0033031294 | L239: 0.0034009882
B240: PROD | C240: IND03 | D240: IRL | E240: 2.4889804e-15
B241: PROD | C241: IND03 | D241: ITA | E241: 2.1169925e-15
B242: PROD | C242: IND03 | D242: LVA | E242: 0.00078056876 | F242: 0.00088456823 | G242: 0.00093965172 | H242: 0.00097075052 | I242: 0.0010268703 | J242: 0.0010702038 | K242: 0.0010985758 | L242: 0.0011232247
B243: PROD | C243: IND03 | D243: LTU | E243: 2.1692009e-13 | F243: 2.4486114e-13 | G243: 2.6992814e-13 | H243: 2.9017014e-13 | I243: 3.0847676e-13 | J243: 2.0089099e-13 | K243: 3.2874089e-13 | L243: 3.3332779e-13
B244: PROD | C244: IND03 | D244: LUX | E244: 0.00051470296 | F244: 0.00064256023 | G244: 0.00063878085 | H244: 0.00068272878 | I244: 0.00072821919 | J244: 0.00076093091 | K244: 0.00078034044 | L244: 0.00079284025
B245: PROD | C245: IND03 | D245: MLT | E245: 0.00030608028 | F245: 0.00036023629 | G245: 0.00044577437 | H245: 0.00047872805 | I245: 0.00055592146 | J245: 0.00062667823 | K245: 0.0006920227 | L245: 0.00075342708
B246: PROD | C246: IND03 | D246: NLD | E246: 8.5935618e-15 | F246: 9.273075e-15 | G246: 8.9397262e-15 | H246: 9.4628003e-15 | I246: 9.425798e-15 | J246: 9.461987e-15 | K246: 9.4886365e-15 | L246: 9.4505365e-15
B247: PROD | C247: IND03 | D247: POL | E247: 1.7502807e-15
B248: PROD | C248: IND03 | D248: PRT | E248: 0.00025730789 | F248: 0.00026847305 | G248: 0.00031256255 | H248: 0.00030689048 | I248: 0.00033370593 | J248: 0.00036169723 | K248: 0.00038914559 | L248: 0.00041625277
B249: PROD | C249: IND03 | D249: ROU | E249: 1.279785e-14 | F249: 1.592681e-14 | G249: 1.8017553e-14 | H249: 2.018334e-14 | I249: 2.2566727e-14 | J249: 2.4967642e-14 | K249: 2.7012223e-14 | L249: 2.847731e-14
B250: PROD | C250: IND03 | D250: SVK | E250: 2.0153018e-14 | F250: 4.196979e-14 | G250: 4.2410836e-14 | H250: 3.6234041e-14 | I250: 3.7516519e-14 | J250: 3.8917542e-14 | K250: 3.9908175e-14 | L250: 4.0712808e-14
B251: PROD | C251: IND03 | D251: SVN | E251: 3.5250875e-14
B252: PROD | C252: IND03 | D252: ESP | E252: 1.0789571e-15
B253: PROD | C253: IND03 | D253: SWE | E253: 0.0007524313 | F253: 0.00079846914 | G253: 0.00077847267 | H253: 0.00080936853 | I253: 0.00082054661 | J253: 0.00082792385 | K253: 0.00083209589 | L253: 0.00083567461
B254: PROD | C254: IND03 | D254: ROW | E254: 15.768076 | F254: 17.54862 | G254: 20.243227 | H254: 22.669612 | I254: 25.683074 | J254: 28.852327 | K254: 32.105411 | L254: 35.416329
B255: PROD | C255: IND04 | D255: AUT | E255: 0.00013654938 | F255: 0.00014853635 | G255: 0.00014777472 | H255: 0.00015055975 | I255: 0.00015522171 | J255: 0.00016436327 | K255: 0.00017342128 | L255: 0.00018210011
B256: PROD | C256: IND04 | D256: BEL | E256: 3.2013842e-15
B257: PROD | C257: IND04 | D257: BGR | E257: 0.79664878 | F257: 0.88337146 | G257: 1.0245633 | H257: 1.1642993 | I257: 1.3158576 | J257: 1.471873 | K257: 1.6261581 | L257: 1.7774605
B258: PROD | C258: IND04 | D258: HRV | E258: 0.00024690481 | F258: 0.00025522031 | G258: 0.00029328391 | H258: 0.00029983042 | I258: 0.0003153029 | J258: 0.00032544001 | K258: 0.00033201828 | L258: 0.00033660271
B259: PROD | C259: IND04 | D259: CYP | E259: 0.0051359886 | F259: 0.0054115556 | G259: 0.0058954085 | H259: 0.0053820429 | I259: 0.0057840088 | J259: 0.0062257599 | K259: 0.0066854441 | L259: 0.0071564564
B260: PROD | C260: IND04 | D260: CZE | E260: 0.00046604086 | F260: 0.00050292549 | G260: 0.00051908032 | H260: 0.00052922136 | I260: 0.00055308397 | J260: 0.00057768953 | K260: 0.00060099608 | L260: 0.00062300907
B261: PROD | C261: IND04 | D261: DNK | E261: 0.00058036632 | F261: 0.00061994843 | G261: 0.00070287044 | H261: 0.000742409 | I261: 0.00080038857 | J261: 0.00085997915 | K261: 0.00092285517 | L261: 0.00098872067
B262: PROD | C262: IND04 | D262: EST | E262: 0.00080142037 | F262: 0.00086418377 | G262: 0.00091216773 | H262: 0.00089563511 | I262: 0.0009310212 | J262: 0.00096445049 | K262: 0.00099276364 | L262: 0.001013578
B263: PROD | C263: IND04 | D263: FIN | E263: 0.31387416 | F263: 0.33698079 | G263: 0.34392691 | H263: 0.34102213 | I263: 0.35655179 | J263: 0.37410273 | K263: 0.39191274 | L263: 0.40963302
B264: PROD | C264: IND04 | D264: FRA | E264: 1.7564805e-15
B265: PROD | C265: IND04 | D265: DEU | E265: 5.903424e-15
B266: PROD | C266: IND04 | D266: GRC | E266: 0.00016410215 | F266: 0.00017045522 | G266: 0.00020942061 | H266: 0.00017265252 | I266: 0.00018765232 | J266: 0.00020382912 | K266: 0.00022024976 | L266: 0.00023674184
B267: PROD | C267: IND04 | D267: HUN | E267: 0.00022098084 | F267: 0.00022989505 | G267: 0.0002576881 | H267: 0.00026488448 | I267: 0.00027748592 | J267: 0.00028655764 | K267: 0.00029214927 | L267: 0.00029572123
B268: PROD | C268: IND04 | D268: IRL | E268: 1.252759e-15
B269: PROD | C269: IND04 | D269: ITA | E269: 0.00032359614 | F269: 0.00033471455 | G269: 0.00035493597 | H269: 0.00036107765 | I269: 0.00037672818 | J269: 0.00039327471 | K269: 0.00040975183 | L269: 0.00042542601
B270: PROD | C270: IND04 | D270: LVA | E270: 0.00074149058 | F270: 0.00083951152 | G270: 0.00089265885 | H270: 0.0008897549 | I270: 0.00094165266 | J270: 0.00098208641 | K270: 0.0010090385 | L270: 0.0010327353
B271: PROD | C271: IND04 | D271: LTU | E271: 0.00063520107 | F271: 0.00073479932 | G271: 0.00080375685 | H271: 0.00091921143 | I271: 0.00097137025 | J271: 0.0010008214 | K271: 0.0010160884 | L271: 0.0010167145
B272: PROD | C272: IND04 | D272: LUX | E272: 0.00051733991 | F272: 0.00064302106 | G272: 0.00064443527 | H272: 0.00068503261 | I272: 0.00073238187 | J272: 0.00076693002 | K272: 0.00078822178 | L272: 0.00080235492
B273: PROD | C273: IND04 | D273: MLT | E273: 0.00027800984 | F273: 0.00032680884 | G273: 0.00040588609 | H273: 0.00044608 | I273: 0.00051661305 | J273: 0.00057991887 | K273: 0.00063644749 | L273: 0.0006875764
B274: PROD | C274: IND04 | D274: NLD | E274: 6.3517992e-15 | I274: 8.3436821e-15 | J274: 9.0871365e-15 | K274: 9.2629892e-15 | L274: 9.9791015e-15
B275: PROD | C275: IND04 | D275: POL | E275: 1.3194576 | F275: 1.4419377 | G275: 1.6642756 | H275: 1.742552 | I275: 1.8594093 | J275: 1.9464239 | K275: 2.0075454 | L275: 2.0455383
B276: PROD | C276: IND04 | D276: PRT | E276: 0.27984417 | F276: 0.29734033 | G276: 0.32470414 | H276: 0.32852076 | I276: 0.35107532 | J276: 0.37648465 | K276: 0.4017312 | L276: 0.42710576
B277: PROD | C277: IND04 | D277: ROU | E277: 0.042532855 | F277: 0.0464804 | G277: 0.055247216 | H277: 0.0601069 | I277: 0.065877085 | J277: 0.070631523 | K277: 0.074423013 | L277: 0.077588891
B278: PROD | C278: IND04 | D278: SVK | E278: 0.0012920898 | F278: 0.0014115261 | G278: 0.0015588202 | H278: 0.0014580856 | I278: 0.0015814503 | J278: 0.0017037733 | K278: 0.001812133 | L278: 0.0019113802
B279: PROD | C279: IND04 | D279: SVN | E279: 0.0035382606 | F279: 0.0037557136 | G279: 0.0043902727 | H279: 0.0042108265 | I279: 0.004545057 | J279: 0.0048314977 | K279: 0.0050652988 | L279: 0.0052964814
B280: PROD | C280: IND04 | D280: ESP | E280: 2.4486547 | F280: 2.6427834 | G280: 3.0199941 | H280: 3.1472568 | I280: 3.4228502 | J280: 3.7347213 | K280: 4.0415668 | L280: 4.3487082
B281: PROD | C281: IND04 | D281: SWE | E281: 0.39575164 | F281: 0.42453471 | G281: 0.43251324 | H281: 0.45523782 | I281: 0.47823551 | J281: 0.49845468 | K281: 0.51691036 | L281: 0.53449136
B282: PROD | C282: IND04 | D282: ROW | E282: 82.704735 | F282: 91.851517 | G282: 106.35562 | H282: 119.25255 | I282: 135.28259 | J282: 152.22905 | K282: 169.60459 | L282: 187.26603
B283: PROD | C283: IND05 | D283: AUT | E283: 0.11683046 | F283: 0.12853959 | G283: 0.12242843 | H283: 0.12209058 | I283: 0.12509052 | J283: 0.13305333 | K283: 0.14125293 | L283: 0.14891849
B284: PROD | C284: IND05 | D284: BEL | E284: 0.96672144 | F284: 1.1262625 | G284: 1.0522282 | H284: 1.0237841 | I284: 1.0481752 | J284: 1.0838472 | K284: 1.1229298 | L284: 1.1674221
B285: PROD | C285: IND05 | D285: BGR | E285: 0.28345397 | F285: 0.31448708 | G285: 0.39123729 | H285: 0.44803385 | I285: 0.51208605 | J285: 0.57208839 | K285: 0.62799458 | L285: 0.68274937
...

Sheet Macro_Figures
F1: Scenario
F2: 2017 | G2: 2020 | H2: 2025 | I2: 2030 | J2: 2035 | K2: 2040 | L2: 2045 | M2: 2050
B3: GDP | C3: DEU | D3: BASE | F3: =SUMIFS(MACRO_BASE!D$3:D$1000,MACRO_BASE!$B$3:$B$1000,$B3,MACRO_BASE!$C$3:$C$1000,$C3) -> 3690.8157 | G3: =SUMIFS(MACRO_BASE!E$3:E$1000,MACRO_BASE!$B$3:$B$1000,$B3,MACRO_BASE!$C$3:$C$1000,$C3) -> 3870.7816 | H3: =SUMIFS(MACRO_BASE!F$3:F$1000,MACRO_BASE!$B$3:$B$1000,$B3,MACRO_BASE!$C$3:$C$1000,$C3) -> 4015.3022 | I3: =SUMIFS(MACRO_BASE!G$3:G$1000,MACRO_BASE!$B$3:$B$1000,$B3,MACRO_BASE!$C$3:$C$1000,$C3) -> 4226.205 | J3: =SUMIFS(MACRO_BASE!H$3:H$1000,MACRO_BASE!$B$3:$B$1000,$B3,MACRO_BASE!$C$3:$C$1000,$C3) -> 4449.7564 | K3: =SUMIFS(MACRO_BASE!I$3:I$1000,MACRO_BASE!$B$3:$B$1000,$B3,MACRO_BASE!$C$3:$C$1000,$C3) -> 4712.3095 | L3: =SUMIFS(MACRO_BASE!J$3:J$1000,MACRO_BASE!$B$3:$B$1000,$B3,MACRO_BASE!$C$3:$C$1000,$C3) -> 4991.6061 | M3: =SUMIFS(MACRO_BASE!K$3:K$1000,MACRO_BASE!$B$3:$B$1000,$B3,MACRO_BASE!$C$3:$C$1000,$C3) -> 5261.5412
B4: GDP | C4: DEU | D4: BASE_OIL | F4: =SUMIFS(MACRO_BASE_OIL!D$3:D$1000,MACRO_BASE_OIL!$B$3:$B$1000,$B4,MACRO_BASE_OIL!$C$3:$C$1000,$C4) -> 3690.8157 | G4: =SUMIFS(MACRO_BASE_OIL!E$3:E$1000,MACRO_BASE_OIL!$B$3:$B$1000,$B4,MACRO_BASE_OIL!$C$3:$C$1000,$C4) -> 3870.7816 | H4: =SUMIFS(MACRO_BASE_OIL!F$3:F$1000,MACRO_BASE_OIL!$B$3:$B$1000,$B4,MACRO_BASE_OIL!$C$3:$C$1000,$C4) -> 4015.3022 | I4: =SUMIFS(MACRO_BASE_OIL!G$3:G$1000,MACRO_BASE_OIL!$B$3:$B$1000,$B4,MACRO_BASE_OIL!$C$3:$C$1000,$C4) -> 4181.3923 | J4: =SUMIFS(MACRO_BASE_OIL!H$3:H$1000,MACRO_BASE_OIL!$B$3:$B$1000,$B4,MACRO_BASE_OIL!$C$3:$C$1000,$C4) -> 4389.746 | K4: =SUMIFS(MACRO_BASE_OIL!I$3:I$1000,MACRO_BASE_OIL!$B$3:$B$1000,$B4,MACRO_BASE_OIL!$C$3:$C$1000,$C4) -> 4637.9307 | L4: =SUMIFS(MACRO_BASE_OIL!J$3:J$1000,MACRO_BASE_OIL!$B$3:$B$1000,$B4,MACRO_BASE_OIL!$C$3:$C$1000,$C4) -> 4903.5455 | M4: =SUMIFS(MACRO_BASE_OIL!K$3:K$1000,MACRO_BASE_OIL!$B$3:$B$1000,$B4,MACRO_BASE_OIL!$C$3:$C$1000,$C4) -> 5160.8084
B5: GDP | C5: DEU | D5: CHM_REC | F5: =SUMIFS(MACRO_CHM_REC!D$3:D$1000,MACRO_CHM_REC!$B$3:$B$1000,$B5,MACRO_CHM_REC!$C$3:$C$1000,$C5) -> 3690.8157 | G5: =SUMIFS(MACRO_CHM_REC!E$3:E$1000,MACRO_CHM_REC!$B$3:$B$1000,$B5,MACRO_CHM_REC!$C$3:$C$1000,$C5) -> 3870.7816 | H5: =SUMIFS(MACRO_CHM_REC!F$3:F$1000,MACRO_CHM_REC!$B$3:$B$1000,$B5,MACRO_CHM_REC!$C$3:$C$1000,$C5) -> 4015.3022 | I5: =SUMIFS(MACRO_CHM_REC!G$3:G$1000,MACRO_CHM_REC!$B$3:$B$1000,$B5,MACRO_CHM_REC!$C$3:$C$1000,$C5) -> 4225.4372 | J5: =SUMIFS(MACRO_CHM_REC!H$3:H$1000,MACRO_CHM_REC!$B$3:$B$1000,$B5,MACRO_CHM_REC!$C$3:$C$1000,$C5) -> 4448.8179 | K5: =SUMIFS(MACRO_CHM_REC!I$3:I$1000,MACRO_CHM_REC!$B$3:$B$1000,$B5,MACRO_CHM_REC!$C$3:$C$1000,$C5) -> 4711.2006 | L5: =SUMIFS(MACRO_CHM_REC!J$3:J$1000,MACRO_CHM_REC!$B$3:$B$1000,$B5,MACRO_CHM_REC!$C$3:$C$1000,$C5) -> 4990.3428 | M5: =SUMIFS(MACRO_CHM_REC!K$3:K$1000,MACRO_CHM_REC!$B$3:$B$1000,$B5,MACRO_CHM_REC!$C$3:$C$1000,$C5) -> 5260.1516
B6: GDP | C6: DEU | D6: CHM_REC_OIL | F6: =SUMIFS(MACRO_CHM_REC_OIL!D$3:D$1000,MACRO_CHM_REC_OIL!$B$3:$B$1000,$B6,MACRO_CHM_REC_OIL!$C$3:$C$1000,$C6) -> 3690.8157 | G6: =SUMIFS(MACRO_CHM_REC_OIL!E$3:E$1000,MACRO_CHM_REC_OIL!$B$3:$B$1000,$B6,MACRO_CHM_REC_OIL!$C$3:$C$1000,$C6) -> 3870.7816 | H6: =SUMIFS(MACRO_CHM_REC_OIL!F$3:F$1000,MACRO_CHM_REC_OIL!$B$3:$B$1000,$B6,MACRO_CHM_REC_OIL!$C$3:$C$1000,$C6) -> 4015.3022 | I6: =SUMIFS(MACRO_CHM_REC_OIL!G$3:G$1000,MACRO_CHM_REC_OIL!$B$3:$B$1000,$B6,MACRO_CHM_REC_OIL!$C$3:$C$1000,$C6) -> 4180.7536 | J6: =SUMIFS(MACRO_CHM_REC_OIL!H$3:H$1000,MACRO_CHM_REC_OIL!$B$3:$B$1000,$B6,MACRO_CHM_REC_OIL!$C$3:$C$1000,$C6) -> 4388.9152 | K6: =SUMIFS(MACRO_CHM_REC_OIL!I$3:I$1000,MACRO_CHM_REC_OIL!$B$3:$B$1000,$B6,MACRO_CHM_REC_OIL!$C$3:$C$1000,$C6) -> 4636.91 | L6: =SUMIFS(MACRO_CHM_REC_OIL!J$3:J$1000,MACRO_CHM_REC_OIL!$B$3:$B$1000,$B6,MACRO_CHM_REC_OIL!$C$3:$C$1000,$C6) -> 4902.3531 | M6: =SUMIFS(MACRO_CHM_REC_OIL!K$3:K$1000,MACRO_CHM_REC_OIL!$B$3:$B$1000,$B6,MACRO_CHM_REC_OIL!$C$3:$C$1000,$C6) -> 5159.4743
B7: GDP | C7: DEU | D7: CHM_REC_INV | F7: =SUMIFS(MACRO_CHM_REC_INV!D$3:D$1000,MACRO_CHM_REC_INV!$B$3:$B$1000,$B7,MACRO_CHM_REC_INV!$C$3:$C$1000,$C7) -> 3690.8157 | G7: =SUMIFS(MACRO_CHM_REC_INV!E$3:E$1000,MACRO_CHM_REC_INV!$B$3:$B$1000,$B7,MACRO_CHM_REC_INV!$C$3:$C$1000,$C7) -> 3870.7816 | H7: =SUMIFS(MACRO_CHM_REC_INV!F$3:F$1000,MACRO_CHM_REC_INV!$B$3:$B$1000,$B7,MACRO_CHM_REC_INV!$C$3:$C$1000,$C7) -> 4015.4807 | I7: =SUMIFS(MACRO_CHM_REC_INV!G$3:G$1000,MACRO_CHM_REC_INV!$B$3:$B$1000,$B7,MACRO_CHM_REC_INV!$C$3:$C$1000,$C7) -> 4227.0955 | J7: =SUMIFS(MACRO_CHM_REC_INV!H$3:H$1000,MACRO_CHM_REC_INV!$B$3:$B$1000,$B7,MACRO_CHM_REC_INV!$C$3:$C$1000,$C7) -> 4450.5663 | K7: =SUMIFS(MACRO_CHM_REC_INV!I$3:I$1000,MACRO_CHM_REC_INV!$B$3:$B$1000,$B7,MACRO_CHM_REC_INV!$C$3:$C$1000,$C7) -> 4713.0377 | L7: =SUMIFS(MACRO_CHM_REC_INV!J$3:J$1000,MACRO_CHM_REC_INV!$B$3:$B$1000,$B7,MACRO_CHM_REC_INV!$C$3:$C$1000,$C7) -> 4992.2584 | M7: =SUMIFS(MACRO_CHM_REC_INV!K$3:K$1000,MACRO_CHM_REC_INV!$B$3:$B$1000,$B7,MACRO_CHM_REC_INV!$C$3:$C$1000,$C7) -> 5262.1277
B8: GDP | C8: DEU | D8: CHM_REC_INV_OIL | F8: =SUMIFS(MACRO_CHM_REC_INV_OIL!D$3:D$1000,MACRO_CHM_REC_INV!$B$3:$B$1000,$B8,MACRO_CHM_REC_INV!$C$3:$C$1000,$C8) -> 3690.8157 | G8: =SUMIFS(MACRO_CHM_REC_INV_OIL!E$3:E$1000,MACRO_CHM_REC_INV!$B$3:$B$1000,$B8,MACRO_CHM_REC_INV!$C$3:$C$1000,$C8) -> 3870.7816 | H8: =SUMIFS(MACRO_CHM_REC_INV_OIL!F$3:F$1000,MACRO_CHM_REC_INV!$B$3:$B$1000,$B8,MACRO_CHM_REC_INV!$C$3:$C$1000,$C8) -> 4015.4807 | I8: =SUMIFS(MACRO_CHM_REC_INV_OIL!G$3:G$1000,MACRO_CHM_REC_INV!$B$3:$B$1000,$B8,MACRO_CHM_REC_INV!$C$3:$C$1000,$C8) -> 4182.3919 | J8: =SUMIFS(MACRO_CHM_REC_INV_OIL!H$3:H$1000,MACRO_CHM_REC_INV!$B$3:$B$1000,$B8,MACRO_CHM_REC_INV!$C$3:$C$1000,$C8) -> 4390.6367 | K8: =SUMIFS(MACRO_CHM_REC_INV_OIL!I$3:I$1000,MACRO_CHM_REC_INV!$B$3:$B$1000,$B8,MACRO_CHM_REC_INV!$C$3:$C$1000,$C8) -> 4638.7142 | L8: =SUMIFS(MACRO_CHM_REC_INV_OIL!J$3:J$1000,MACRO_CHM_REC_INV!$B$3:$B$1000,$B8,MACRO_CHM_REC_INV!$C$3:$C$1000,$C8) -> 4904.2306 | M8: =SUMIFS(MACRO_CHM_REC_INV_OIL!K$3:K$1000,MACRO_CHM_REC_INV!$B$3:$B$1000,$B8,MACRO_CHM_REC_INV!$C$3:$C$1000,$C8) -> 5161.408
F10: 2017 | G10: 2020 | H10: 2025 | I10: 2030 | J10: 2035 | K10: 2040 | L10: 2045 | M10: 2050
D11: CHM_REC_INV vs BASE | H11: 0 | I11: =I7/I3-1 -> 0.00021071331 | J11: =J7/J3-1 -> 0.00018202839 | K11: =K7/K3-1 -> 0.00015452114 | L11: =L7/L3-1 -> 0.00013068798 | M11: =M7/M3-1 -> 0.00011147234
D12: CHM_REC_INV_OIL vs BASE_OIL | H12: 0 | I12: =I8/I4-1 -> 0.00023907358 | J12: =J8/J4-1 -> 0.00020289726 | K12: =K8/K4-1 -> 0.0001689184 | L12: =L8/L4-1 -> 0.00013970434 | M12: =M8/M4-1 -> 0.00011618257
F15: 2017 | G15: 2020 | H15: 2025 | I15: 2030 | J15: 2035 | K15: 2040 | L15: 2045 | M15: 2050
D16: CHM_REC_INV vs BASE | H16: 0 | I16: =I7/I3-1 -> 0.00021071331 | J16: =J7/J3-1 -> 0.00018202839 | K16: =K7/K3-1 -> 0.00015452114 | L16: =L7/L3-1 -> 0.00013068798 | M16: =M7/M3-1 -> 0.00011147234
D17: CHM_REC vs BASE | H17: 0 | I17: =I5/I3-1 -> -0.00018166585 | J17: =J5/J3-1 -> -0.00021089599 | K17: =K5/K3-1 -> -0.00023532563 | L17: =L5/L3-1 -> -0.00025308193 | M17: =M5/M3-1 -> -0.0002641047
D18: CHM_REC_INV_OIL vs BASE_OIL | H18: 0 | I18: =I8/I4-1 -> 0.00023907358 | J18: =J8/J4-1 -> 0.00020289726 | K18: =K8/K4-1 -> 0.0001689184 | L18: =L8/L4-1 -> 0.00013970434 | M18: =M8/M4-1 -> 0.00011618257
D19: CHM_REC_OIL vs BASE_OIL | H19: 0 | I19: =I6/I4-1 -> -0.0001527443 | J19: =J6/J4-1 -> -0.00018926496 | K19: =K6/K4-1 -> -0.00022007199 | L19: =L6/L4-1 -> -0.00024317718 | M19: =M6/M4-1 -> -0.00025850474

Sheet Sectoral_Figures
G1: 2030 | H1: 2040 | I1: 2050
A2: PROD | B2: IND09 | C2: DEU | D2: Other chemicals | F2: BASE | G2: =SUMIFS(SECTOR_BASE!H$3:H$10000,SECTOR_BASE!$B$3:$B$10000,$A2,SECTOR_BASE!$C$3:$C$10000,$B2,SECTOR_BASE!$D$3:$D$10000,$C2) -> 209.52762 | H2: =SUMIFS(SECTOR_BASE!J$3:J$10000,SECTOR_BASE!$B$3:$B$10000,$A2,SECTOR_BASE!$C$3:$C$10000,$B2,SECTOR_BASE!$D$3:$D$10000,$C2) -> 230.43436 | I2: =SUMIFS(SECTOR_BASE!L$3:L$10000,SECTOR_BASE!$B$3:$B$10000,$A2,SECTOR_BASE!$C$3:$C$10000,$B2,SECTOR_BASE!$D$3:$D$10000,$C2) -> 254.33421
A3: PROD | B3: IND09 | C3: DEU | D3: Other chemicals | F3: BASE_OIL | G3: =SUMIFS(SECTOR_BASE_OIL!H$3:H$10000,SECTOR_BASE_OIL!$B$3:$B$10000,$A3,SECTOR_BASE_OIL!$C$3:$C$10000,$B3,SECTOR_BASE_OIL!$D$3:$D$10000,$C3) -> 207.22745 | H3: =SUMIFS(SECTOR_BASE_OIL!J$3:J$10000,SECTOR_BASE_OIL!$B$3:$B$10000,$A3,SECTOR_BASE_OIL!$C$3:$C$10000,$B3,SECTOR_BASE_OIL!$D$3:$D$10000,$C3) -> 226.12432 | I3: =SUMIFS(SECTOR_BASE_OIL!L$3:L$10000,SECTOR_BASE_OIL!$B$3:$B$10000,$A3,SECTOR_BASE_OIL!$C$3:$C$10000,$B3,SECTOR_BASE_OIL!$D$3:$D$10000,$C3) -> 247.57812
A4: PROD | B4: IND09 | C4: DEU | D4: Other chemicals | F4: CHM_REC | G4: =SUMIFS(SECTOR_CHM_REC!H$3:H$10000,SECTOR_CHM_REC!$B$3:$B$10000,$A4,SECTOR_CHM_REC!$C$3:$C$10000,$B4,SECTOR_CHM_REC!$D$3:$D$10000,$C4) -> 207.53331 | H4: =SUMIFS(SECTOR_CHM_REC!J$3:J$10000,SECTOR_CHM_REC!$B$3:$B$10000,$A4,SECTOR_CHM_REC!$C$3:$C$10000,$B4,SECTOR_CHM_REC!$D$3:$D$10000,$C4) -> 228.40513 | I4: =SUMIFS(SECTOR_CHM_REC!L$3:L$10000,SECTOR_CHM_REC!$B$3:$B$10000,$A4,SECTOR_CHM_REC!$C$3:$C$10000,$B4,SECTOR_CHM_REC!$D$3:$D$10000,$C4) -> 252.27181
A5: PROD | B5: IND09 | C5: DEU | D5: Other chemicals | F5: CHM_REC_OIL | G5: =SUMIFS(SECTOR_CHM_REC_OIL!H$3:H$10000,SECTOR_CHM_REC_OIL!$B$3:$B$10000,$A5,SECTOR_CHM_REC_OIL!$C$3:$C$10000,$B5,SECTOR_CHM_REC_OIL!$D$3:$D$10000,$C5) -> 205.15437 | H5: =SUMIFS(SECTOR_CHM_REC_OIL!J$3:J$10000,SECTOR_CHM_REC_OIL!$B$3:$B$10000,$A5,SECTOR_CHM_REC_OIL!$C$3:$C$10000,$B5,SECTOR_CHM_REC_OIL!$D$3:$D$10000,$C5) -> 224.01759 | I5: =SUMIFS(SECTOR_CHM_REC_OIL!L$3:L$10000,SECTOR_CHM_REC_OIL!$B$3:$B$10000,$A5,SECTOR_CHM_REC_OIL!$C$3:$C$10000,$B5,SECTOR_CHM_REC_OIL!$D$3:$D$10000,$C5) -> 245.44053
A6: PROD | B6: IND09 | C6: DEU | D6: Other chemicals | F6: CHM_REC_INV | G6: =SUMIFS(SECTOR_CHM_REC_INV!H$3:H$10000,SECTOR_CHM_REC_INV!$B$3:$B$10000,$A6,SECTOR_CHM_REC_INV!$C$3:$C$10000,$B6,SECTOR_CHM_REC_INV!$D$3:$D$10000,$C6) -> 207.64254 | H6: =SUMIFS(SECTOR_CHM_REC_INV!J$3:J$10000,SECTOR_CHM_REC_INV!$B$3:$B$10000,$A6,SECTOR_CHM_REC_INV!$C$3:$C$10000,$B6,SECTOR_CHM_REC_INV!$D$3:$D$10000,$C6) -> 228.52585 | I6: =SUMIFS(SECTOR_CHM_REC_INV!L$3:L$10000,SECTOR_CHM_REC_INV!$B$3:$B$10000,$A6,SECTOR_CHM_REC_INV!$C$3:$C$10000,$B6,SECTOR_CHM_REC_INV!$D$3:$D$10000,$C6) -> 252.40065
A7: PROD | B7: IND09 | C7: DEU | D7: Other chemicals | F7: CHM_REC_INV_OIL | G7: =SUMIFS(SECTOR_CHM_REC_INV_OIL!H$3:H$10000,SECTOR_CHM_REC_INV_OIL!$B$3:$B$10000,$A7,SECTOR_CHM_REC_INV_OIL!$C$3:$C$10000,$B7,SECTOR_CHM_REC_INV_OIL!$D$3:$D$10000,$C7) -> 205.264 | H7: =SUMIFS(SECTOR_CHM_REC_INV_OIL!J$3:J$10000,SECTOR_CHM_REC_INV_OIL!$B$3:$B$10000,$A7,SECTOR_CHM_REC_INV_OIL!$C$3:$C$10000,$B7,SECTOR_CHM_REC_INV_OIL!$D$3:$D$10000,$C7) -> 224.13796 | I7: =SUMIFS(SECTOR_CHM_REC_INV_OIL!L$3:L$10000,SECTOR_CHM_REC_INV_OIL!$B$3:$B$10000,$A7,SECTOR_CHM_REC_INV_OIL!$C$3:$C$10000,$B7,SECTOR_CHM_REC_INV_OIL!$D$3:$D$10000,$C7) -> 245.56819
G8: 2030 | H8: 2040 | I8: 2050
D9: BASE | E9: vs | F9: CHM_REC_INV | G9: =(G6 - G2)/Macro_Figures!I$3 -> -0.00044604548 | H9: =(H6 - H2)/Macro_Figures!K$3 -> -0.00040500516 | I9: =(I6 - I2)/Macro_Figures!M$3 -> -0.00036748928
D10: BASE | E10: vs | F10: CHM_REC | G10: =(G4 - G2)/Macro_Figures!I$3 -> -0.00047189139 | H10: =(H4 - H2)/Macro_Figures!K$3 -> -0.00043062224 | I10: =(I4 - I2)/Macro_Figures!M$3 -> -0.00039197701
D11: BASE_OIL | E11: vs | F11: CHM_REC_INV_OIL | G11: =(G7 - G3)/Macro_Figures!I$4 -> -0.00046956732 | H11: =(H7 - H3)/Macro_Figures!K$4 -> -0.00042828575 | I11: =(I7 - I3)/Macro_Figures!M$4 -> -0.00038946101
D12: BASE_OIL | E12: vs | F12: CHM_REC_OIL | G12: =(G5 - G3)/Macro_Figures!I$4 -> -0.00049578654 | H12: =(H5 - H3)/Macro_Figures!K$4 -> -0.00045423936 | I12: =(I5 - I3)/Macro_Figures!M$4 -> -0.00041419841
G14: 2030 | H14: 2040 | I14: 2050
A15: PROD | B15: IND12 | C15: DEU | D15: Plastic products-primary | F15: BASE | G15: =SUMIFS(SECTOR_BASE!H$3:H$10000,SECTOR_BASE!$B$3:$B$10000,$A15,SECTOR_BASE!$C$3:$C$10000,$B15,SECTOR_BASE!$D$3:$D$10000,$C15) -> 56.660242 | H15: =SUMIFS(SECTOR_BASE!J$3:J$10000,SECTOR_BASE!$B$3:$B$10000,$A15,SECTOR_BASE!$C$3:$C$10000,$B15,SECTOR_BASE!$D$3:$D$10000,$C15) -> 59.547333 | I15: =SUMIFS(SECTOR_BASE!L$3:L$10000,SECTOR_BASE!$B$3:$B$10000,$A15,SECTOR_BASE!$C$3:$C$10000,$B15,SECTOR_BASE!$D$3:$D$10000,$C15) -> 62.539138
A16: PROD | B16: IND12 | C16: DEU | D16: Plastic products-primary | F16: BASE_OIL | G16: =SUMIFS(SECTOR_BASE_OIL!H$3:H$10000,SECTOR_BASE_OIL!$B$3:$B$10000,$A16,SECTOR_BASE_OIL!$C$3:$C$10000,$B16,SECTOR_BASE_OIL!$D$3:$D$10000,$C16) -> 57.288447 | H16: =SUMIFS(SECTOR_BASE_OIL!J$3:J$10000,SECTOR_BASE_OIL!$B$3:$B$10000,$A16,SECTOR_BASE_OIL!$C$3:$C$10000,$B16,SECTOR_BASE_OIL!$D$3:$D$10000,$C16) -> 60.085419 | I16: =SUMIFS(SECTOR_BASE_OIL!L$3:L$10000,SECTOR_BASE_OIL!$B$3:$B$10000,$A16,SECTOR_BASE_OIL!$C$3:$C$10000,$B16,SECTOR_BASE_OIL!$D$3:$D$10000,$C16) -> 63.04811
A17: PROD | B17: IND12 | C17: DEU | D17: Plastic products-primary | F17: CHM_REC | G17: =SUMIFS(SECTOR_CHM_REC!H$3:H$10000,SECTOR_CHM_REC!$B$3:$B$10000,$A17,SECTOR_CHM_REC!$C$3:$C$10000,$B17,SECTOR_CHM_REC!$D$3:$D$10000,$C17) -> 56.525718 | H17: =SUMIFS(SECTOR_CHM_REC!J$3:J$10000,SECTOR_CHM_REC!$B$3:$B$10000,$A17,SECTOR_CHM_REC!$C$3:$C$10000,$B17,SECTOR_CHM_REC!$D$3:$D$10000,$C17) -> 59.124024 | I17: =SUMIFS(SECTOR_CHM_REC!L$3:L$10000,SECTOR_CHM_REC!$B$3:$B$10000,$A17,SECTOR_CHM_REC!$C$3:$C$10000,$B17,SECTOR_CHM_REC!$D$3:$D$10000,$C17) -> 61.781546
A18: PROD | B18: IND12 | C18: DEU | D18: Plastic products-primary | F18: CHM_REC_OIL | G18: =SUMIFS(SECTOR_CHM_REC_OIL!H$3:H$10000,SECTOR_CHM_REC_OIL!$B$3:$B$10000,$A18,SECTOR_CHM_REC_OIL!$C$3:$C$10000,$B18,SECTOR_CHM_REC_OIL!$D$3:$D$10000,$C18) -> 57.725714 | H18: =SUMIFS(SECTOR_CHM_REC_OIL!J$3:J$10000,SECTOR_CHM_REC_OIL!$B$3:$B$10000,$A18,SECTOR_CHM_REC_OIL!$C$3:$C$10000,$B18,SECTOR_CHM_REC_OIL!$D$3:$D$10000,$C18) -> 60.257422 | I18: =SUMIFS(SECTOR_CHM_REC_OIL!L$3:L$10000,SECTOR_CHM_REC_OIL!$B$3:$B$10000,$A18,SECTOR_CHM_REC_OIL!$C$3:$C$10000,$B18,SECTOR_CHM_REC_OIL!$D$3:$D$10000,$C18) -> 62.904601
A19: PROD | B19: IND12 | C19: DEU | D19: Plastic products-primary | F19: CHM_REC_INV | G19: =SUMIFS(SECTOR_CHM_REC_INV!H$3:H$10000,SECTOR_CHM_REC_INV!$B$3:$B$10000,$A19,SECTOR_CHM_REC_INV!$C$3:$C$10000,$B19,SECTOR_CHM_REC_INV!$D$3:$D$10000,$C19) -> 56.552509 | H19: =SUMIFS(SECTOR_CHM_REC_INV!J$3:J$10000,SECTOR_CHM_REC_INV!$B$3:$B$10000,$A19,SECTOR_CHM_REC_INV!$C$3:$C$10000,$B19,SECTOR_CHM_REC_INV!$D$3:$D$10000,$C19) -> 59.152474 | I19: =SUMIFS(SECTOR_CHM_REC_INV!L$3:L$10000,SECTOR_CHM_REC_INV!$B$3:$B$10000,$A19,SECTOR_CHM_REC_INV!$C$3:$C$10000,$B19,SECTOR_CHM_REC_INV!$D$3:$D$10000,$C19) -> 61.810575
A20: PROD | B20: IND12 | C20: DEU | D20: Plastic products-primary | F20: CHM_REC_INV_OIL | G20: =SUMIFS(SECTOR_CHM_REC_INV_OIL!H$3:H$10000,SECTOR_CHM_REC_INV_OIL!$B$3:$B$10000,$A20,SECTOR_CHM_REC_INV_OIL!$C$3:$C$10000,$B20,SECTOR_CHM_REC_INV_OIL!$D$3:$D$10000,$C20) -> 57.752812 | H20: =SUMIFS(SECTOR_CHM_REC_INV_OIL!J$3:J$10000,SECTOR_CHM_REC_INV_OIL!$B$3:$B$10000,$A20,SECTOR_CHM_REC_INV_OIL!$C$3:$C$10000,$B20,SECTOR_CHM_REC_INV_OIL!$D$3:$D$10000,$C20) -> 60.286158 | I20: =SUMIFS(SECTOR_CHM_REC_INV_OIL!L$3:L$10000,SECTOR_CHM_REC_INV_OIL!$B$3:$B$10000,$A20,SECTOR_CHM_REC_INV_OIL!$C$3:$C$10000,$B20,SECTOR_CHM_REC_INV_OIL!$D$3:$D$10000,$C20) -> 62.933913
G21: 2030 | H21: 2040 | I21: 2050
D22: BASE | E22: vs | F22: CHM_REC_INV | G22: =(G19 - G15)/Macro_Figures!I$3 -> -2.5491647e-05 | H22: =(H19 - H15)/Macro_Figures!K$3 -> -8.3793095e-05 | I22: =(I19 - I15)/Macro_Figures!M$3 -> -0.00013846953
D23: BASE | E23: vs | F23: CHM_REC | G23: =(G17 - G15)/Macro_Figures!I$3 -> -3.1830923e-05 | H23: =(H17 - H15)/Macro_Figures!K$3 -> -8.983053e-05 | I23: =(I17 - I15)/Macro_Figures!M$3 -> -0.00014398665
D24: BASE_OIL | E24: vs | F24: CHM_REC_INV_OIL | G24: =(G20 - G16)/Macro_Figures!I$4 -> 0.00011105516 | H24: =(H20 - H16)/Macro_Figures!K$4 -> 4.3281874e-05 | I24: =(I20 - I16)/Macro_Figures!M$4 -> -2.2127734e-05
D25: BASE_OIL | E25: vs | F25: CHM_REC_OIL | G25: =(G18 - G16)/Macro_Figures!I$4 -> 0.00010457466 | H25: =(H18 - H16)/Macro_Figures!K$4 -> 3.7086144e-05 | I25: =(I18 - I16)/Macro_Figures!M$4 -> -2.7807595e-05
G27: 2030 | H27: 2040 | I27: 2050
A28: PROD | B28: IND33 | C28: DEU | D28: Equipment Goods | F28: BASE | G28: =SUMIFS(SECTOR_BASE!H$3:H$10000,SECTOR_BASE!$B$3:$B$10000,$A28,SECTOR_BASE!$C$3:$C$10000,$B28,SECTOR_BASE!$D$3:$D$10000,$C28) -> 1329.1235 | H28: =SUMIFS(SECTOR_BASE!J$3:J$10000,SECTOR_BASE!$B$3:$B$10000,$A28,SECTOR_BASE!$C$3:$C$10000,$B28,SECTOR_BASE!$D$3:$D$10000,$C28) -> 1460.6135 | I28: =SUMIFS(SECTOR_BASE!L$3:L$10000,SECTOR_BASE!$B$3:$B$10000,$A28,SECTOR_BASE!$C$3:$C$10000,$B28,SECTOR_BASE!$D$3:$D$10000,$C28) -> 1620.474
A29: PROD | B29: IND33 | C29: DEU | D29: Equipment Goods | F29: BASE_OIL | G29: =SUMIFS(SECTOR_BASE_OIL!H$3:H$10000,SECTOR_BASE_OIL!$B$3:$B$10000,$A29,SECTOR_BASE_OIL!$C$3:$C$10000,$B29,SECTOR_BASE_OIL!$D$3:$D$10000,$C29) -> 1284.2546 | H29: =SUMIFS(SECTOR_BASE_OIL!J$3:J$10000,SECTOR_BASE_OIL!$B$3:$B$10000,$A29,SECTOR_BASE_OIL!$C$3:$C$10000,$B29,SECTOR_BASE_OIL!$D$3:$D$10000,$C29) -> 1402.4161 | I29: =SUMIFS(SECTOR_BASE_OIL!L$3:L$10000,SECTOR_BASE_OIL!$B$3:$B$10000,$A29,SECTOR_BASE_OIL!$C$3:$C$10000,$B29,SECTOR_BASE_OIL!$D$3:$D$10000,$C29) -> 1549.5619
A30: PROD | B30: IND33 | C30: DEU | D30: Equipment Goods | F30: CHM_REC | G30: =SUMIFS(SECTOR_CHM_REC!H$3:H$10000,SECTOR_CHM_REC!$B$3:$B$10000,$A30,SECTOR_CHM_REC!$C$3:$C$10000,$B30,SECTOR_CHM_REC!$D$3:$D$10000,$C30) -> 1327.6053 | H30: =SUMIFS(SECTOR_CHM_REC!J$3:J$10000,SECTOR_CHM_REC!$B$3:$B$10000,$A30,SECTOR_CHM_REC!$C$3:$C$10000,$B30,SECTOR_CHM_REC!$D$3:$D$10000,$C30) -> 1459.0056 | I30: =SUMIFS(SECTOR_CHM_REC!L$3:L$10000,SECTOR_CHM_REC!$B$3:$B$10000,$A30,SECTOR_CHM_REC!$C$3:$C$10000,$B30,SECTOR_CHM_REC!$D$3:$D$10000,$C30) -> 1618.8389
A31: PROD | B31: IND33 | C31: DEU | D31: Equipment Goods | F31: CHM_REC_OIL | G31: =SUMIFS(SECTOR_CHM_REC_OIL!H$3:H$10000,SECTOR_CHM_REC_OIL!$B$3:$B$10000,$A31,SECTOR_CHM_REC_OIL!$C$3:$C$10000,$B31,SECTOR_CHM_REC_OIL!$D$3:$D$10000,$C31) -> 1282.5458 | H31: =SUMIFS(SECTOR_CHM_REC_OIL!J$3:J$10000,SECTOR_CHM_REC_OIL!$B$3:$B$10000,$A31,SECTOR_CHM_REC_OIL!$C$3:$C$10000,$B31,SECTOR_CHM_REC_OIL!$D$3:$D$10000,$C31) -> 1400.5905 | I31: =SUMIFS(SECTOR_CHM_REC_OIL!L$3:L$10000,SECTOR_CHM_REC_OIL!$B$3:$B$10000,$A31,SECTOR_CHM_REC_OIL!$C$3:$C$10000,$B31,SECTOR_CHM_REC_OIL!$D$3:$D$10000,$C31) -> 1547.6825
A32: PROD | B32: IND33 | C32: DEU | D32: Equipment Goods | F32: CHM_REC_INV | G32: =SUMIFS(SECTOR_CHM_REC_INV!H$3:H$10000,SECTOR_CHM_REC_INV!$B$3:$B$10000,$A32,SECTOR_CHM_REC_INV!$C$3:$C$10000,$B32,SECTOR_CHM_REC_INV!$D$3:$D$10000,$C32) -> 1328.2392 | H32: =SUMIFS(SECTOR_CHM_REC_INV!J$3:J$10000,SECTOR_CHM_REC_INV!$B$3:$B$10000,$A32,SECTOR_CHM_REC_INV!$C$3:$C$10000,$B32,SECTOR_CHM_REC_INV!$D$3:$D$10000,$C32) -> 1459.7056 | I32: =SUMIFS(SECTOR_CHM_REC_INV!L$3:L$10000,SECTOR_CHM_REC_INV!$B$3:$B$10000,$A32,SECTOR_CHM_REC_INV!$C$3:$C$10000,$B32,SECTOR_CHM_REC_INV!$D$3:$D$10000,$C32) -> 1619.5923
A33: PROD | B33: IND33 | C33: DEU | D33: Equipment Goods | F33: CHM_REC_INV_OIL | G33: =SUMIFS(SECTOR_CHM_REC_INV_OIL!H$3:H$10000,SECTOR_CHM_REC_INV_OIL!$B$3:$B$10000,$A33,SECTOR_CHM_REC_INV_OIL!$C$3:$C$10000,$B33,SECTOR_CHM_REC_INV_OIL!$D$3:$D$10000,$C33) -> 1283.1596 | H33: =SUMIFS(SECTOR_CHM_REC_INV_OIL!J$3:J$10000,SECTOR_CHM_REC_INV_OIL!$B$3:$B$10000,$A33,SECTOR_CHM_REC_INV_OIL!$C$3:$C$10000,$B33,SECTOR_CHM_REC_INV_OIL!$D$3:$D$10000,$C33) -> 1401.2644 | I33: =SUMIFS(SECTOR_CHM_REC_INV_OIL!L$3:L$10000,SECTOR_CHM_REC_INV_OIL!$B$3:$B$10000,$A33,SECTOR_CHM_REC_INV_OIL!$C$3:$C$10000,$B33,SECTOR_CHM_REC_INV_OIL!$D$3:$D$10000,$C33) -> 1548.4054
G34: 2030 | H34: 2040 | I34: 2050
D35: BASE | E35: vs | F35: CHM_REC_INV | G35: =(G32 - G28)/Macro_Figures!I$3 -> -0.00020924756 | H35: =(H32 - H28)/Macro_Figures!K$3 -> -0.00019267748 | I35: =(I32 - I28)/Macro_Figures!M$3 -> -0.00016757076
D36: BASE | E36: vs | F36: CHM_REC | G36: =(G30 - G28)/Macro_Figures!I$3 -> -0.0003592273 | H36: =(H30 - H28)/Macro_Figures!K$3 -> -0.00034121043 | I36: =(I30 - I28)/Macro_Figures!M$3 -> -0.00031075525
D37: BASE_OIL | E37: vs | F37: CHM_REC_INV_OIL | G37: =(G33 - G29)/Macro_Figures!I$4 -> -0.00026188101 | H37: =(H33 - H29)/Macro_Figures!K$4 -> -0.0002483204 | I37: =(I33 - I29)/Macro_Figures!M$4 -> -0.00022410114
D38: BASE_OIL | E38: vs | F38: CHM_REC_OIL | G38: =(G31 - G29)/Macro_Figures!I$4 -> -0.00040865906 | H38: =(H31 - H29)/Macro_Figures!K$4 -> -0.00039362946 | I38: =(I31 - I29)/Macro_Figures!M$4 -> -0.00036417193
G40: 2030 | H40: 2040 | I40: 2050
A41: PROD | B41: IND36 | C41: DEU | D41: Chemical Recycling | F41: BASE | G41: =SUMIFS(SECTOR_BASE!H$3:H$10000,SECTOR_BASE!$B$3:$B$10000,$A41,SECTOR_BASE!$C$3:$C$10000,$B41,SECTOR_BASE!$D$3:$D$10000,$C41) -> 1.1213393e-09 | H41: =SUMIFS(SECTOR_BASE!J$3:J$10000,SECTOR_BASE!$B$3:$B$10000,$A41,SECTOR_BASE!$C$3:$C$10000,$B41,SECTOR_BASE!$D$3:$D$10000,$C41) -> 1.1710573e-09 | I41: =SUMIFS(SECTOR_BASE!L$3:L$10000,SECTOR_BASE!$B$3:$B$10000,$A41,SECTOR_BASE!$C$3:$C$10000,$B41,SECTOR_BASE!$D$3:$D$10000,$C41) -> 1.2146454e-09
A42: PROD | B42: IND36 | C42: DEU | D42: Chemical Recycling | F42: BASE_OIL | G42: =SUMIFS(SECTOR_BASE_OIL!H$3:H$10000,SECTOR_BASE_OIL!$B$3:$B$10000,$A42,SECTOR_BASE_OIL!$C$3:$C$10000,$B42,SECTOR_BASE_OIL!$D$3:$D$10000,$C42) -> 1.1379285e-09 | H42: =SUMIFS(SECTOR_BASE_OIL!J$3:J$10000,SECTOR_BASE_OIL!$B$3:$B$10000,$A42,SECTOR_BASE_OIL!$C$3:$C$10000,$B42,SECTOR_BASE_OIL!$D$3:$D$10000,$C42) -> 1.1857005e-09 | I42: =SUMIFS(SECTOR_BASE_OIL!L$3:L$10000,SECTOR_BASE_OIL!$B$3:$B$10000,$A42,SECTOR_BASE_OIL!$C$3:$C$10000,$B42,SECTOR_BASE_OIL!$D$3:$D$10000,$C42) -> 1.2285721e-09
A43: PROD | B43: IND36 | C43: DEU | D43: Chemical Recycling | F43: CHM_REC | G43: =SUMIFS(SECTOR_CHM_REC!H$3:H$10000,SECTOR_CHM_REC!$B$3:$B$10000,$A43,SECTOR_CHM_REC!$C$3:$C$10000,$B43,SECTOR_CHM_REC!$D$3:$D$10000,$C43) -> 3.3479289 | H43: =SUMIFS(SECTOR_CHM_REC!J$3:J$10000,SECTOR_CHM_REC!$B$3:$B$10000,$A43,SECTOR_CHM_REC!$C$3:$C$10000,$B43,SECTOR_CHM_REC!$D$3:$D$10000,$C43) -> 3.4814748 | I43: =SUMIFS(SECTOR_CHM_REC!L$3:L$10000,SECTOR_CHM_REC!$B$3:$B$10000,$A43,SECTOR_CHM_REC!$C$3:$C$10000,$B43,SECTOR_CHM_REC!$D$3:$D$10000,$C43) -> 3.5947203
A44: PROD | B44: IND36 | C44: DEU | D44: Chemical Recycling | F44: CHM_REC_OIL | G44: =SUMIFS(SECTOR_CHM_REC_OIL!H$3:H$10000,SECTOR_CHM_REC_OIL!$B$3:$B$10000,$A44,SECTOR_CHM_REC_OIL!$C$3:$C$10000,$B44,SECTOR_CHM_REC_OIL!$D$3:$D$10000,$C44) -> 3.427919 | H44: =SUMIFS(SECTOR_CHM_REC_OIL!J$3:J$10000,SECTOR_CHM_REC_OIL!$B$3:$B$10000,$A44,SECTOR_CHM_REC_OIL!$C$3:$C$10000,$B44,SECTOR_CHM_REC_OIL!$D$3:$D$10000,$C44) -> 3.5567102 | I44: =SUMIFS(SECTOR_CHM_REC_OIL!L$3:L$10000,SECTOR_CHM_REC_OIL!$B$3:$B$10000,$A44,SECTOR_CHM_REC_OIL!$C$3:$C$10000,$B44,SECTOR_CHM_REC_OIL!$D$3:$D$10000,$C44) -> 3.6683835
A45: PROD | B45: IND36 | C45: DEU | D45: Chemical Recycling | F45: CHM_REC_INV | G45: =SUMIFS(SECTOR_CHM_REC_INV!H$3:H$10000,SECTOR_CHM_REC_INV!$B$3:$B$10000,$A45,SECTOR_CHM_REC_INV!$C$3:$C$10000,$B45,SECTOR_CHM_REC_INV!$D$3:$D$10000,$C45) -> 3.3496009 | H45: =SUMIFS(SECTOR_CHM_REC_INV!J$3:J$10000,SECTOR_CHM_REC_INV!$B$3:$B$10000,$A45,SECTOR_CHM_REC_INV!$C$3:$C$10000,$B45,SECTOR_CHM_REC_INV!$D$3:$D$10000,$C45) -> 3.4832366 | I45: =SUMIFS(SECTOR_CHM_REC_INV!L$3:L$10000,SECTOR_CHM_REC_INV!$B$3:$B$10000,$A45,SECTOR_CHM_REC_INV!$C$3:$C$10000,$B45,SECTOR_CHM_REC_INV!$D$3:$D$10000,$C45) -> 3.5964942
A46: PROD | B46: IND36 | C46: DEU | D46: Chemical Recycling | F46: CHM_REC_INV_OIL | G46: =SUMIFS(SECTOR_CHM_REC_INV_OIL!H$3:H$10000,SECTOR_CHM_REC_INV_OIL!$B$3:$B$10000,$A46,SECTOR_CHM_REC_INV_OIL!$C$3:$C$10000,$B46,SECTOR_CHM_REC_INV_OIL!$D$3:$D$10000,$C46) -> 3.429615 | H46: =SUMIFS(SECTOR_CHM_REC_INV_OIL!J$3:J$10000,SECTOR_CHM_REC_INV_OIL!$B$3:$B$10000,$A46,SECTOR_CHM_REC_INV_OIL!$C$3:$C$10000,$B46,SECTOR_CHM_REC_INV_OIL!$D$3:$D$10000,$C46) -> 3.5584945 | I46: =SUMIFS(SECTOR_CHM_REC_INV_OIL!L$3:L$10000,SECTOR_CHM_REC_INV_OIL!$B$3:$B$10000,$A46,SECTOR_CHM_REC_INV_OIL!$C$3:$C$10000,$B46,SECTOR_CHM_REC_INV_OIL!$D$3:$D$10000,$C46) -> 3.6701793
G47: 2030 | H47: 2040 | I47: 2050
D48: BASE | E48: vs | F48: CHM_REC_INV | G48: =(G45 - G41)/Macro_Figures!I$3 -> 0.00079257889 | H48: =(H45 - H41)/Macro_Figures!K$3 -> 0.00073917823 | I48: =(I45 - I41)/Macro_Figures!M$3 -> 0.00068354387
D49: BASE | E49: vs | F49: CHM_REC | G49: =(G43 - G41)/Macro_Figures!I$3 -> 0.00079218326 | H49: =(H43 - H41)/Macro_Figures!K$3 -> 0.00073880434 | I49: =(I43 - I41)/Macro_Figures!M$3 -> 0.00068320671
D50: BASE_OIL | E50: vs | F50: CHM_REC_INV_OIL | G50: =(G46 - G42)/Macro_Figures!I$4 -> 0.00082020886 | H50: =(H46 - H42)/Macro_Figures!K$4 -> 0.00076725908 | I50: =(I46 - I42)/Macro_Figures!M$4 -> 0.00071116364
D51: BASE_OIL | E51: vs | F51: CHM_REC_OIL | G51: =(G44 - G42)/Macro_Figures!I$4 -> 0.00081980326 | H51: =(H44 - H42)/Macro_Figures!K$4 -> 0.00076687437 | I51: =(I44 - I42)/Macro_Figures!M$4 -> 0.00071081566

Sheet EXPORTS_Figures 
G1: 2030 | H1: 2040 | I1: 2050
A2: EXPORTS | B2: IND09 | C2: DEU | D2: Other chemicals | F2: BASE | G2: =SUMIFS(SECTOR_BASE!H$3:H$10000,SECTOR_BASE!$B$3:$B$10000,$A2,SECTOR_BASE!$C$3:$C$10000,$B2,SECTOR_BASE!$D$3:$D$10000,$C2) -> 134.46049 | H2: =SUMIFS(SECTOR_BASE!J$3:J$10000,SECTOR_BASE!$B$3:$B$10000,$A2,SECTOR_BASE!$C$3:$C$10000,$B2,SECTOR_BASE!$D$3:$D$10000,$C2) -> 149.81754 | I2: =SUMIFS(SECTOR_BASE!L$3:L$10000,SECTOR_BASE!$B$3:$B$10000,$A2,SECTOR_BASE!$C$3:$C$10000,$B2,SECTOR_BASE!$D$3:$D$10000,$C2) -> 167.06305
A3: EXPORTS | B3: IND09 | C3: DEU | D3: Other chemicals | F3: BASE_OIL | G3: =SUMIFS(SECTOR_BASE_OIL!H$3:H$10000,SECTOR_BASE_OIL!$B$3:$B$10000,$A3,SECTOR_BASE_OIL!$C$3:$C$10000,$B3,SECTOR_BASE_OIL!$D$3:$D$10000,$C3) -> 132.63577 | H3: =SUMIFS(SECTOR_BASE_OIL!J$3:J$10000,SECTOR_BASE_OIL!$B$3:$B$10000,$A3,SECTOR_BASE_OIL!$C$3:$C$10000,$B3,SECTOR_BASE_OIL!$D$3:$D$10000,$C3) -> 146.61155 | I3: =SUMIFS(SECTOR_BASE_OIL!L$3:L$10000,SECTOR_BASE_OIL!$B$3:$B$10000,$A3,SECTOR_BASE_OIL!$C$3:$C$10000,$B3,SECTOR_BASE_OIL!$D$3:$D$10000,$C3) -> 162.09128
A4: EXPORTS | B4: IND09 | C4: DEU | D4: Other chemicals | F4: CHM_REC | G4: =SUMIFS(SECTOR_CHM_REC!H$3:H$10000,SECTOR_CHM_REC!$B$3:$B$10000,$A4,SECTOR_CHM_REC!$C$3:$C$10000,$B4,SECTOR_CHM_REC!$D$3:$D$10000,$C4) -> 134.22793 | H4: =SUMIFS(SECTOR_CHM_REC!J$3:J$10000,SECTOR_CHM_REC!$B$3:$B$10000,$A4,SECTOR_CHM_REC!$C$3:$C$10000,$B4,SECTOR_CHM_REC!$D$3:$D$10000,$C4) -> 149.58557 | I4: =SUMIFS(SECTOR_CHM_REC!L$3:L$10000,SECTOR_CHM_REC!$B$3:$B$10000,$A4,SECTOR_CHM_REC!$C$3:$C$10000,$B4,SECTOR_CHM_REC!$D$3:$D$10000,$C4) -> 166.83968
A5: EXPORTS | B5: IND09 | C5: DEU | D5: Other chemicals | F5: CHM_REC_OIL | G5: =SUMIFS(SECTOR_CHM_REC_OIL!H$3:H$10000,SECTOR_CHM_REC_OIL!$B$3:$B$10000,$A5,SECTOR_CHM_REC_OIL!$C$3:$C$10000,$B5,SECTOR_CHM_REC_OIL!$D$3:$D$10000,$C5) -> 132.35655 | H5: =SUMIFS(SECTOR_CHM_REC_OIL!J$3:J$10000,SECTOR_CHM_REC_OIL!$B$3:$B$10000,$A5,SECTOR_CHM_REC_OIL!$C$3:$C$10000,$B5,SECTOR_CHM_REC_OIL!$D$3:$D$10000,$C5) -> 146.33017 | I5: =SUMIFS(SECTOR_CHM_REC_OIL!L$3:L$10000,SECTOR_CHM_REC_OIL!$B$3:$B$10000,$A5,SECTOR_CHM_REC_OIL!$C$3:$C$10000,$B5,SECTOR_CHM_REC_OIL!$D$3:$D$10000,$C5) -> 161.81686
A6: EXPORTS | B6: IND09 | C6: DEU | D6: Other chemicals | F6: CHM_REC_INV | G6: =SUMIFS(SECTOR_CHM_REC_INV!H$3:H$10000,SECTOR_CHM_REC_INV!$B$3:$B$10000,$A6,SECTOR_CHM_REC_INV!$C$3:$C$10000,$B6,SECTOR_CHM_REC_INV!$D$3:$D$10000,$C6) -> 134.29482 | H6: =SUMIFS(SECTOR_CHM_REC_INV!J$3:J$10000,SECTOR_CHM_REC_INV!$B$3:$B$10000,$A6,SECTOR_CHM_REC_INV!$C$3:$C$10000,$B6,SECTOR_CHM_REC_INV!$D$3:$D$10000,$C6) -> 149.66089 | I6: =SUMIFS(SECTOR_CHM_REC_INV!L$3:L$10000,SECTOR_CHM_REC_INV!$B$3:$B$10000,$A6,SECTOR_CHM_REC_INV!$C$3:$C$10000,$B6,SECTOR_CHM_REC_INV!$D$3:$D$10000,$C6) -> 166.92117
A7: EXPORTS | B7: IND09 | C7: DEU | D7: Other chemicals | F7: CHM_REC_INV_OIL | G7: =SUMIFS(SECTOR_CHM_REC_INV_OIL!H$3:H$10000,SECTOR_CHM_REC_INV_OIL!$B$3:$B$10000,$A7,SECTOR_CHM_REC_INV_OIL!$C$3:$C$10000,$B7,SECTOR_CHM_REC_INV_OIL!$D$3:$D$10000,$C7) -> 132.42382 | H7: =SUMIFS(SECTOR_CHM_REC_INV_OIL!J$3:J$10000,SECTOR_CHM_REC_INV_OIL!$B$3:$B$10000,$A7,SECTOR_CHM_REC_INV_OIL!$C$3:$C$10000,$B7,SECTOR_CHM_REC_INV_OIL!$D$3:$D$10000,$C7) -> 146.40543 | I7: =SUMIFS(SECTOR_CHM_REC_INV_OIL!L$3:L$10000,SECTOR_CHM_REC_INV_OIL!$B$3:$B$10000,$A7,SECTOR_CHM_REC_INV_OIL!$C$3:$C$10000,$B7,SECTOR_CHM_REC_INV_OIL!$D$3:$D$10000,$C7) -> 161.89776
G8: 2030 | H8: 2040 | I8: 2050
D9: BASE | E9: vs | F9: CHM_REC_INV | G9: =(G6 - G2)/Macro_Figures!I$3 -> -3.9200337e-05 | H9: =(H6 - H2)/Macro_Figures!K$3 -> -3.3244571e-05 | I9: =(I6 - I2)/Macro_Figures!M$3 -> -2.6965159e-05
D10: BASE | E10: vs | F10: CHM_REC | G10: =(G4 - G2)/Macro_Figures!I$3 -> -5.5028199e-05 | H10: =(H4 - H2)/Macro_Figures!K$3 -> -4.9227e-05 | I10: =(I4 - I2)/Macro_Figures!M$3 -> -4.2454788e-05
D11: BASE_OIL | E11: vs | F11: CHM_REC_INV_OIL | G11: =(G7 - G3)/Macro_Figures!I$4 -> -5.068863e-05 | H11: =(H7 - H3)/Macro_Figures!K$4 -> -4.4443699e-05 | I11: =(I7 - I3)/Macro_Figures!M$4 -> -3.7496596e-05
D12: BASE_OIL | E12: vs | F12: CHM_REC_OIL | G12: =(G5 - G3)/Macro_Figures!I$4 -> -6.6777717e-05 | H12: =(H5 - H3)/Macro_Figures!K$4 -> -6.0669214e-05 | I12: =(I5 - I3)/Macro_Figures!M$4 -> -5.3172086e-05
G14: 2030 | H14: 2040 | I14: 2050
A15: EXPORTS | B15: IND12 | C15: DEU | D15: Plastic products-primary | F15: BASE | G15: =SUMIFS(SECTOR_BASE!H$3:H$10000,SECTOR_BASE!$B$3:$B$10000,$A15,SECTOR_BASE!$C$3:$C$10000,$B15,SECTOR_BASE!$D$3:$D$10000,$C15) -> 29.699345 | H15: =SUMIFS(SECTOR_BASE!J$3:J$10000,SECTOR_BASE!$B$3:$B$10000,$A15,SECTOR_BASE!$C$3:$C$10000,$B15,SECTOR_BASE!$D$3:$D$10000,$C15) -> 30.964106 | I15: =SUMIFS(SECTOR_BASE!L$3:L$10000,SECTOR_BASE!$B$3:$B$10000,$A15,SECTOR_BASE!$C$3:$C$10000,$B15,SECTOR_BASE!$D$3:$D$10000,$C15) -> 32.060069
A16: EXPORTS | B16: IND12 | C16: DEU | D16: Plastic products-primary | F16: BASE_OIL | G16: =SUMIFS(SECTOR_BASE_OIL!H$3:H$10000,SECTOR_BASE_OIL!$B$3:$B$10000,$A16,SECTOR_BASE_OIL!$C$3:$C$10000,$B16,SECTOR_BASE_OIL!$D$3:$D$10000,$C16) -> 30.440122 | H16: =SUMIFS(SECTOR_BASE_OIL!J$3:J$10000,SECTOR_BASE_OIL!$B$3:$B$10000,$A16,SECTOR_BASE_OIL!$C$3:$C$10000,$B16,SECTOR_BASE_OIL!$D$3:$D$10000,$C16) -> 31.694202 | I16: =SUMIFS(SECTOR_BASE_OIL!L$3:L$10000,SECTOR_BASE_OIL!$B$3:$B$10000,$A16,SECTOR_BASE_OIL!$C$3:$C$10000,$B16,SECTOR_BASE_OIL!$D$3:$D$10000,$C16) -> 32.813279
A17: EXPORTS | B17: IND12 | C17: DEU | D17: Plastic products-primary | F17: CHM_REC | G17: =SUMIFS(SECTOR_CHM_REC!H$3:H$10000,SECTOR_CHM_REC!$B$3:$B$10000,$A17,SECTOR_CHM_REC!$C$3:$C$10000,$B17,SECTOR_CHM_REC!$D$3:$D$10000,$C17) -> 29.605364 | H17: =SUMIFS(SECTOR_CHM_REC!J$3:J$10000,SECTOR_CHM_REC!$B$3:$B$10000,$A17,SECTOR_CHM_REC!$C$3:$C$10000,$B17,SECTOR_CHM_REC!$D$3:$D$10000,$C17) -> 30.631955 | I17: =SUMIFS(SECTOR_CHM_REC!L$3:L$10000,SECTOR_CHM_REC!$B$3:$B$10000,$A17,SECTOR_CHM_REC!$C$3:$C$10000,$B17,SECTOR_CHM_REC!$D$3:$D$10000,$C17) -> 31.457223
A18: EXPORTS | B18: IND12 | C18: DEU | D18: Plastic products-primary | F18: CHM_REC_OIL | G18: =SUMIFS(SECTOR_CHM_REC_OIL!H$3:H$10000,SECTOR_CHM_REC_OIL!$B$3:$B$10000,$A18,SECTOR_CHM_REC_OIL!$C$3:$C$10000,$B18,SECTOR_CHM_REC_OIL!$D$3:$D$10000,$C18) -> 30.828538 | H18: =SUMIFS(SECTOR_CHM_REC_OIL!J$3:J$10000,SECTOR_CHM_REC_OIL!$B$3:$B$10000,$A18,SECTOR_CHM_REC_OIL!$C$3:$C$10000,$B18,SECTOR_CHM_REC_OIL!$D$3:$D$10000,$C18) -> 31.858552 | I18: =SUMIFS(SECTOR_CHM_REC_OIL!L$3:L$10000,SECTOR_CHM_REC_OIL!$B$3:$B$10000,$A18,SECTOR_CHM_REC_OIL!$C$3:$C$10000,$B18,SECTOR_CHM_REC_OIL!$D$3:$D$10000,$C18) -> 32.714637
A19: EXPORTS | B19: IND12 | C19: DEU | D19: Plastic products-primary | F19: CHM_REC_INV | G19: =SUMIFS(SECTOR_CHM_REC_INV!H$3:H$10000,SECTOR_CHM_REC_INV!$B$3:$B$10000,$A19,SECTOR_CHM_REC_INV!$C$3:$C$10000,$B19,SECTOR_CHM_REC_INV!$D$3:$D$10000,$C19) -> 29.619104 | H19: =SUMIFS(SECTOR_CHM_REC_INV!J$3:J$10000,SECTOR_CHM_REC_INV!$B$3:$B$10000,$A19,SECTOR_CHM_REC_INV!$C$3:$C$10000,$B19,SECTOR_CHM_REC_INV!$D$3:$D$10000,$C19) -> 30.64668 | I19: =SUMIFS(SECTOR_CHM_REC_INV!L$3:L$10000,SECTOR_CHM_REC_INV!$B$3:$B$10000,$A19,SECTOR_CHM_REC_INV!$C$3:$C$10000,$B19,SECTOR_CHM_REC_INV!$D$3:$D$10000,$C19) -> 31.472181
A20: EXPORTS | B20: IND12 | C20: DEU | D20: Plastic products-primary | F20: CHM_REC_INV_OIL | G20: =SUMIFS(SECTOR_CHM_REC_INV_OIL!H$3:H$10000,SECTOR_CHM_REC_INV_OIL!$B$3:$B$10000,$A20,SECTOR_CHM_REC_INV_OIL!$C$3:$C$10000,$B20,SECTOR_CHM_REC_INV_OIL!$D$3:$D$10000,$C20) -> 30.842678 | H20: =SUMIFS(SECTOR_CHM_REC_INV_OIL!J$3:J$10000,SECTOR_CHM_REC_INV_OIL!$B$3:$B$10000,$A20,SECTOR_CHM_REC_INV_OIL!$C$3:$C$10000,$B20,SECTOR_CHM_REC_INV_OIL!$D$3:$D$10000,$C20) -> 31.873709 | I20: =SUMIFS(SECTOR_CHM_REC_INV_OIL!L$3:L$10000,SECTOR_CHM_REC_INV_OIL!$B$3:$B$10000,$A20,SECTOR_CHM_REC_INV_OIL!$C$3:$C$10000,$B20,SECTOR_CHM_REC_INV_OIL!$D$3:$D$10000,$C20) -> 32.730054
G21: 2030 | H21: 2040 | I21: 2050
D22: BASE | E22: vs | F22: CHM_REC_INV | G22: =(G19 - G15)/Macro_Figures!I$3 -> -1.8986503e-05 | H22: =(H19 - H15)/Macro_Figures!K$3 -> -6.7361055e-05 | I22: =(I19 - I15)/Macro_Figures!M$3 -> -0.00011173298
D23: BASE | E23: vs | F23: CHM_REC | G23: =(G17 - G15)/Macro_Figures!I$3 -> -2.2237621e-05 | H23: =(H17 - H15)/Macro_Figures!K$3 -> -7.0485994e-05 | I23: =(I17 - I15)/Macro_Figures!M$3 -> -0.00011457596
D24: BASE_OIL | E24: vs | F24: CHM_REC_INV_OIL | G24: =(G20 - G16)/Macro_Figures!I$4 -> 9.6273145e-05 | H24: =(H20 - H16)/Macro_Figures!K$4 -> 3.8704192e-05 | I24: =(I20 - I16)/Macro_Figures!M$4 -> -1.6126352e-05
D25: BASE_OIL | E25: vs | F25: CHM_REC_OIL | G25: =(G18 - G16)/Macro_Figures!I$4 -> 9.28915e-05 | H25: =(H18 - H16)/Macro_Figures!K$4 -> 3.5436185e-05 | I25: =(I18 - I16)/Macro_Figures!M$4 -> -1.9113694e-05
G27: 2030 | H27: 2040 | I27: 2050
A28: EXPORTS | B28: IND33 | C28: DEU | D28: Equipment Goods | F28: BASE | G28: =SUMIFS(SECTOR_BASE!H$3:H$10000,SECTOR_BASE!$B$3:$B$10000,$A28,SECTOR_BASE!$C$3:$C$10000,$B28,SECTOR_BASE!$D$3:$D$10000,$C28) -> 878.27036 | H28: =SUMIFS(SECTOR_BASE!J$3:J$10000,SECTOR_BASE!$B$3:$B$10000,$A28,SECTOR_BASE!$C$3:$C$10000,$B28,SECTOR_BASE!$D$3:$D$10000,$C28) -> 980.52703 | I28: =SUMIFS(SECTOR_BASE!L$3:L$10000,SECTOR_BASE!$B$3:$B$10000,$A28,SECTOR_BASE!$C$3:$C$10000,$B28,SECTOR_BASE!$D$3:$D$10000,$C28) -> 1101.8669
A29: EXPORTS | B29: IND33 | C29: DEU | D29: Equipment Goods | F29: BASE_OIL | G29: =SUMIFS(SECTOR_BASE_OIL!H$3:H$10000,SECTOR_BASE_OIL!$B$3:$B$10000,$A29,SECTOR_BASE_OIL!$C$3:$C$10000,$B29,SECTOR_BASE_OIL!$D$3:$D$10000,$C29) -> 842.82884 | H29: =SUMIFS(SECTOR_BASE_OIL!J$3:J$10000,SECTOR_BASE_OIL!$B$3:$B$10000,$A29,SECTOR_BASE_OIL!$C$3:$C$10000,$B29,SECTOR_BASE_OIL!$D$3:$D$10000,$C29) -> 934.67827 | I29: =SUMIFS(SECTOR_BASE_OIL!L$3:L$10000,SECTOR_BASE_OIL!$B$3:$B$10000,$A29,SECTOR_BASE_OIL!$C$3:$C$10000,$B29,SECTOR_BASE_OIL!$D$3:$D$10000,$C29) -> 1045.888
A30: EXPORTS | B30: IND33 | C30: DEU | D30: Equipment Goods | F30: CHM_REC | G30: =SUMIFS(SECTOR_CHM_REC!H$3:H$10000,SECTOR_CHM_REC!$B$3:$B$10000,$A30,SECTOR_CHM_REC!$C$3:$C$10000,$B30,SECTOR_CHM_REC!$D$3:$D$10000,$C30) -> 876.98042 | H30: =SUMIFS(SECTOR_CHM_REC!J$3:J$10000,SECTOR_CHM_REC!$B$3:$B$10000,$A30,SECTOR_CHM_REC!$C$3:$C$10000,$B30,SECTOR_CHM_REC!$D$3:$D$10000,$C30) -> 979.16354 | I30: =SUMIFS(SECTOR_CHM_REC!L$3:L$10000,SECTOR_CHM_REC!$B$3:$B$10000,$A30,SECTOR_CHM_REC!$C$3:$C$10000,$B30,SECTOR_CHM_REC!$D$3:$D$10000,$C30) -> 1100.4788
A31: EXPORTS | B31: IND33 | C31: DEU | D31: Equipment Goods | F31: CHM_REC_OIL | G31: =SUMIFS(SECTOR_CHM_REC_OIL!H$3:H$10000,SECTOR_CHM_REC_OIL!$B$3:$B$10000,$A31,SECTOR_CHM_REC_OIL!$C$3:$C$10000,$B31,SECTOR_CHM_REC_OIL!$D$3:$D$10000,$C31) -> 841.38382 | H31: =SUMIFS(SECTOR_CHM_REC_OIL!J$3:J$10000,SECTOR_CHM_REC_OIL!$B$3:$B$10000,$A31,SECTOR_CHM_REC_OIL!$C$3:$C$10000,$B31,SECTOR_CHM_REC_OIL!$D$3:$D$10000,$C31) -> 933.13871 | I31: =SUMIFS(SECTOR_CHM_REC_OIL!L$3:L$10000,SECTOR_CHM_REC_OIL!$B$3:$B$10000,$A31,SECTOR_CHM_REC_OIL!$C$3:$C$10000,$B31,SECTOR_CHM_REC_OIL!$D$3:$D$10000,$C31) -> 1044.3024
A32: EXPORTS | B32: IND33 | C32: DEU | D32: Equipment Goods | F32: CHM_REC_INV | G32: =SUMIFS(SECTOR_CHM_REC_INV!H$3:H$10000,SECTOR_CHM_REC_INV!$B$3:$B$10000,$A32,SECTOR_CHM_REC_INV!$C$3:$C$10000,$B32,SECTOR_CHM_REC_INV!$D$3:$D$10000,$C32) -> 877.34044 | H32: =SUMIFS(SECTOR_CHM_REC_INV!J$3:J$10000,SECTOR_CHM_REC_INV!$B$3:$B$10000,$A32,SECTOR_CHM_REC_INV!$C$3:$C$10000,$B32,SECTOR_CHM_REC_INV!$D$3:$D$10000,$C32) -> 979.57863 | I32: =SUMIFS(SECTOR_CHM_REC_INV!L$3:L$10000,SECTOR_CHM_REC_INV!$B$3:$B$10000,$A32,SECTOR_CHM_REC_INV!$C$3:$C$10000,$B32,SECTOR_CHM_REC_INV!$D$3:$D$10000,$C32) -> 1100.939
A33: EXPORTS | B33: IND33 | C33: DEU | D33: Equipment Goods | F33: CHM_REC_INV_OIL | G33: =SUMIFS(SECTOR_CHM_REC_INV_OIL!H$3:H$10000,SECTOR_CHM_REC_INV_OIL!$B$3:$B$10000,$A33,SECTOR_CHM_REC_INV_OIL!$C$3:$C$10000,$B33,SECTOR_CHM_REC_INV_OIL!$D$3:$D$10000,$C33) -> 841.72951 | H33: =SUMIFS(SECTOR_CHM_REC_INV_OIL!J$3:J$10000,SECTOR_CHM_REC_INV_OIL!$B$3:$B$10000,$A33,SECTOR_CHM_REC_INV_OIL!$C$3:$C$10000,$B33,SECTOR_CHM_REC_INV_OIL!$D$3:$D$10000,$C33) -> 933.53503 | I33: =SUMIFS(SECTOR_CHM_REC_INV_OIL!L$3:L$10000,SECTOR_CHM_REC_INV_OIL!$B$3:$B$10000,$A33,SECTOR_CHM_REC_INV_OIL!$C$3:$C$10000,$B33,SECTOR_CHM_REC_INV_OIL!$D$3:$D$10000,$C33) -> 1044.7403
G34: 2030 | H34: 2040 | I34: 2050
D35: BASE | E35: vs | F35: CHM_REC_INV | G35: =(G32 - G28)/Macro_Figures!I$3 -> -0.00022003699 | H35: =(H32 - H28)/Macro_Figures!K$3 -> -0.0002012594 | I35: =(I32 - I28)/Macro_Figures!M$3 -> -0.00017636284
D36: BASE | E36: vs | F36: CHM_REC | G36: =(G30 - G28)/Macro_Figures!I$3 -> -0.00030522487 | H36: =(H30 - H28)/Macro_Figures!K$3 -> -0.00028934692 | I36: =(I30 - I28)/Macro_Figures!M$3 -> -0.00026382109
D37: BASE_OIL | E37: vs | F37: CHM_REC_INV_OIL | G37: =(G33 - G29)/Macro_Figures!I$4 -> -0.00026291097 | H37: =(H33 - H29)/Macro_Figures!K$4 -> -0.00024649737 | I37: =(I33 - I29)/Macro_Figures!M$4 -> -0.00022238366
D38: BASE_OIL | E38: vs | F38: CHM_REC_OIL | G38: =(G31 - G29)/Macro_Figures!I$4 -> -0.00034558468 | H38: =(H31 - H29)/Macro_Figures!K$4 -> -0.00033194911 | I38: =(I31 - I29)/Macro_Figures!M$4 -> -0.00030723186
G40: 2030 | H40: 2040 | I40: 2050
A41: EXPORTS | B41: IND36 | C41: DEU | D41: Chemical Recycling | F41: BASE | G41: =SUMIFS(SECTOR_BASE!H$3:H$10000,SECTOR_BASE!$B$3:$B$10000,$A41,SECTOR_BASE!$C$3:$C$10000,$B41,SECTOR_BASE!$D$3:$D$10000,$C41) -> 0 | H41: =SUMIFS(SECTOR_BASE!J$3:J$10000,SECTOR_BASE!$B$3:$B$10000,$A41,SECTOR_BASE!$C$3:$C$10000,$B41,SECTOR_BASE!$D$3:$D$10000,$C41) -> 0 | I41: =SUMIFS(SECTOR_BASE!L$3:L$10000,SECTOR_BASE!$B$3:$B$10000,$A41,SECTOR_BASE!$C$3:$C$10000,$B41,SECTOR_BASE!$D$3:$D$10000,$C41) -> 0
A42: EXPORTS | B42: IND36 | C42: DEU | D42: Chemical Recycling | F42: BASE_OIL | G42: =SUMIFS(SECTOR_BASE_OIL!H$3:H$10000,SECTOR_BASE_OIL!$B$3:$B$10000,$A42,SECTOR_BASE_OIL!$C$3:$C$10000,$B42,SECTOR_BASE_OIL!$D$3:$D$10000,$C42) -> 0 | H42: =SUMIFS(SECTOR_BASE_OIL!J$3:J$10000,SECTOR_BASE_OIL!$B$3:$B$10000,$A42,SECTOR_BASE_OIL!$C$3:$C$10000,$B42,SECTOR_BASE_OIL!$D$3:$D$10000,$C42) -> 0 | I42: =SUMIFS(SECTOR_BASE_OIL!L$3:L$10000,SECTOR_BASE_OIL!$B$3:$B$10000,$A42,SECTOR_BASE_OIL!$C$3:$C$10000,$B42,SECTOR_BASE_OIL!$D$3:$D$10000,$C42) -> 0
A43: EXPORTS | B43: IND36 | C43: DEU | D43: Chemical Recycling | F43: CHM_REC | G43: =SUMIFS(SECTOR_CHM_REC!H$3:H$10000,SECTOR_CHM_REC!$B$3:$B$10000,$A43,SECTOR_CHM_REC!$C$3:$C$10000,$B43,SECTOR_CHM_REC!$D$3:$D$10000,$C43) -> 0 | H43: =SUMIFS(SECTOR_CHM_REC!J$3:J$10000,SECTOR_CHM_REC!$B$3:$B$10000,$A43,SECTOR_CHM_REC!$C$3:$C$10000,$B43,SECTOR_CHM_REC!$D$3:$D$10000,$C43) -> 0 | I43: =SUMIFS(SECTOR_CHM_REC!L$3:L$10000,SECTOR_CHM_REC!$B$3:$B$10000,$A43,SECTOR_CHM_REC!$C$3:$C$10000,$B43,SECTOR_CHM_REC!$D$3:$D$10000,$C43) -> 0
A44: EXPORTS | B44: IND36 | C44: DEU | D44: Chemical Recycling | F44: CHM_REC_OIL | G44: =SUMIFS(SECTOR_CHM_REC_OIL!H$3:H$10000,SECTOR_CHM_REC_OIL!$B$3:$B$10000,$A44,SECTOR_CHM_REC_OIL!$C$3:$C$10000,$B44,SECTOR_CHM_REC_OIL!$D$3:$D$10000,$C44) -> 0 | H44: =SUMIFS(SECTOR_CHM_REC_OIL!J$3:J$10000,SECTOR_CHM_REC_OIL!$B$3:$B$10000,$A44,SECTOR_CHM_REC_OIL!$C$3:$C$10000,$B44,SECTOR_CHM_REC_OIL!$D$3:$D$10000,$C44) -> 0 | I44: =SUMIFS(SECTOR_CHM_REC_OIL!L$3:L$10000,SECTOR_CHM_REC_OIL!$B$3:$B$10000,$A44,SECTOR_CHM_REC_OIL!$C$3:$C$10000,$B44,SECTOR_CHM_REC_OIL!$D$3:$D$10000,$C44) -> 0
A45: EXPORTS | B45: IND36 | C45: DEU | D45: Chemical Recycling | F45: CHM_REC_INV | G45: =SUMIFS(SECTOR_CHM_REC_INV!H$3:H$10000,SECTOR_CHM_REC_INV!$B$3:$B$10000,$A45,SECTOR_CHM_REC_INV!$C$3:$C$10000,$B45,SECTOR_CHM_REC_INV!$D$3:$D$10000,$C45) -> 0 | H45: =SUMIFS(SECTOR_CHM_REC_INV!J$3:J$10000,SECTOR_CHM_REC_INV!$B$3:$B$10000,$A45,SECTOR_CHM_REC_INV!$C$3:$C$10000,$B45,SECTOR_CHM_REC_INV!$D$3:$D$10000,$C45) -> 0 | I45: =SUMIFS(SECTOR_CHM_REC_INV!L$3:L$10000,SECTOR_CHM_REC_INV!$B$3:$B$10000,$A45,SECTOR_CHM_REC_INV!$C$3:$C$10000,$B45,SECTOR_CHM_REC_INV!$D$3:$D$10000,$C45) -> 0
A46: EXPORTS | B46: IND36 | C46: DEU | D46: Chemical Recycling | F46: CHM_REC_INV_OIL | G46: =SUMIFS(SECTOR_CHM_REC_INV_OIL!H$3:H$10000,SECTOR_CHM_REC_INV_OIL!$B$3:$B$10000,$A46,SECTOR_CHM_REC_INV_OIL!$C$3:$C$10000,$B46,SECTOR_CHM_REC_INV_OIL!$D$3:$D$10000,$C46) -> 0 | H46: =SUMIFS(SECTOR_CHM_REC_INV_OIL!J$3:J$10000,SECTOR_CHM_REC_INV_OIL!$B$3:$B$10000,$A46,SECTOR_CHM_REC_INV_OIL!$C$3:$C$10000,$B46,SECTOR_CHM_REC_INV_OIL!$D$3:$D$10000,$C46) -> 0 | I46: =SUMIFS(SECTOR_CHM_REC_INV_OIL!L$3:L$10000,SECTOR_CHM_REC_INV_OIL!$B$3:$B$10000,$A46,SECTOR_CHM_REC_INV_OIL!$C$3:$C$10000,$B46,SECTOR_CHM_REC_INV_OIL!$D$3:$D$10000,$C46) -> 0
G47: 2030 | H47: 2040 | I47: 2050
D48: BASE | E48: vs | F48: CHM_REC_INV | G48: =(G45 - G41)/Macro_Figures!I$3 -> 0 | H48: =(H45 - H41)/Macro_Figures!K$3 -> 0 | I48: =(I45 - I41)/Macro_Figures!M$3 -> 0
D49: BASE | E49: vs | F49: CHM_REC | G49: =(G43 - G41)/Macro_Figures!I$3 -> 0 | H49: =(H43 - H41)/Macro_Figures!K$3 -> 0 | I49: =(I43 - I41)/Macro_Figures!M$3 -> 0
D50: BASE_OIL | E50: vs | F50: CHM_REC_INV_OIL | G50: =(G46 - G42)/Macro_Figures!I$4 -> 0 | H50: =(H46 - H42)/Macro_Figures!K$4 -> 0 | I50: =(I46 - I42)/Macro_Figures!M$4 -> 0
D51: BASE_OIL | E51: vs | F51: CHM_REC_OIL | G51: =(G44 - G42)/Macro_Figures!I$4 -> 0 | H51: =(H44 - H42)/Macro_Figures!K$4 -> 0 | I51: =(I44 - I42)/Macro_Figures!M$4 -> 0
